### create database and use it
CREATE DATABASE gestion_des_mendiants;
USE gestion_des_mendiants;

### create adminstrateurs table
CREATE TABLE `gestion_des_mendiants`.`administrateuers` ( `id` INT(10) NULL AUTO_INCREMENT , `username` VARCHAR(30) NULL , `password` VARCHAR(30) NULL , `email` VARCHAR(50) NOT NULL , `fullname` VARCHAR(50) NULL , PRIMARY KEY (`id`), UNIQUE (`username`))
ENGINE = InnoDB;

### create mendiant table
CREATE TABLE `gestion_des_mendiants`.`mendiants` ( `id_mendiant` INT(10) NULL , `nom` VARCHAR(30) NOT NULL DEFAULT 'mendiant' , `prenom` VARCHAR(30) NOT NULL DEFAULT 'mendiant' , `date_de_naissance` DATE NOT NULL , `id_chambre` INT(10) NOT NULL , PRIMARY KEY (`id_mendiant`))ENGINE = InnoDB;

### create formations table
CREATE TABLE `gestion_des_mendiants`.`formations` ( `id_formation` INT(10) NULL , `nom_formation` VARCHAR(100) NULL , `domaine` VARCHAR(100) NOT NULL , `date_debut` DATE NOT NULL , `date_fin` DATE NOT NULL , `formateur` VARCHAR(30) NOT NULL , PRIMARY KEY (`id_formation`))ENGINE = InnoDB;

### create former_mendiants table
CREATE TABLE `gestion_des_mendiants`.`former_mendiant` (`id_mendiant` INT, `id_formation`INT, PRIMARY KEY (`id_mendiant`, `id_formation`), FOREIGN KEY (`id_mendiant`) REFERENCES `mendiants`(`id_mendiant`), FOREIGN KEY (`id_formation`) REFERENCES `formations`(`id_formation`)) ENGINE = InnoDB;

### create activites table
CREATE TABLE `gestion_des_mendiants`.`activites` ( `id_activite` INT(10) NULL AUTO_INCREMENT , `nom_activite` VARCHAR(100) NULL , `domaine` VARCHAR(100) NOT NULL , `date_activite` DATE NOT NULL , PRIMARY KEY (`id_activite`))ENGINE = InnoDB;

### create mendiant activite
CREATE TABLE `gestion_des_mendiants`.`mendiant_activites` (`id_mendiant` INT, `id_activite`INT, PRIMARY KEY (`id_mendiant`, `id_activite`), FOREIGN KEY (`id_mendiant`) REFERENCES `mendiants`(`id_mendiant`), FOREIGN KEY (`id_activite`) REFERENCES `activites`(`id_activite`)) ENGINE = InnoDB;

### create chambre table
CREATE TABLE `gestion_des_mendiants`.`chambres` ( `id_chambre` INT(10) NULL , `capacite` INT(10) NOT NULL , PRIMARY KEY (`id_chambre`)) ENGINE = InnoDB;
## add id_chambre to mendiant table as a foreign key
ALTER TABLE `mendiants` ADD FOREIGN KEY (`id_chambre`) REFERENCES `chambres`(`id_chambre`);



### insert data in administrateur table
INSERT INTO `administrateuers` (`id`, `username`, `password`, `email`, `fullname`) VALUES (NULL, 'admin', '12345', 'admin@gmail.com', 'admin root');


### insert data in chambres table
insert into chambres (id_chambre, capacite) values (1, 3);
insert into chambres (id_chambre, capacite) values (2, 3);
insert into chambres (id_chambre, capacite) values (3, 2);
insert into chambres (id_chambre, capacite) values (4, 6);
insert into chambres (id_chambre, capacite) values (5, 7);
insert into chambres (id_chambre, capacite) values (6, 2);
insert into chambres (id_chambre, capacite) values (7, 6);
insert into chambres (id_chambre, capacite) values (8, 6);
insert into chambres (id_chambre, capacite) values (9, 3);
insert into chambres (id_chambre, capacite) values (10, 10);
insert into chambres (id_chambre, capacite) values (11, 9);
insert into chambres (id_chambre, capacite) values (12, 7);
insert into chambres (id_chambre, capacite) values (13, 7);
insert into chambres (id_chambre, capacite) values (14, 7);
insert into chambres (id_chambre, capacite) values (15, 5);
insert into chambres (id_chambre, capacite) values (16, 7);
insert into chambres (id_chambre, capacite) values (17, 4);
insert into chambres (id_chambre, capacite) values (18, 3);
insert into chambres (id_chambre, capacite) values (19, 1);
insert into chambres (id_chambre, capacite) values (20, 10);
insert into chambres (id_chambre, capacite) values (21, 4);
insert into chambres (id_chambre, capacite) values (22, 2);
insert into chambres (id_chambre, capacite) values (23, 6);
insert into chambres (id_chambre, capacite) values (24, 5);
insert into chambres (id_chambre, capacite) values (25, 3);
insert into chambres (id_chambre, capacite) values (26, 2);
insert into chambres (id_chambre, capacite) values (27, 10);
insert into chambres (id_chambre, capacite) values (28, 8);
insert into chambres (id_chambre, capacite) values (29, 2);
insert into chambres (id_chambre, capacite) values (30, 8);
insert into chambres (id_chambre, capacite) values (31, 9);
insert into chambres (id_chambre, capacite) values (32, 8);
insert into chambres (id_chambre, capacite) values (33, 6);
insert into chambres (id_chambre, capacite) values (34, 2);
insert into chambres (id_chambre, capacite) values (35, 6);
insert into chambres (id_chambre, capacite) values (36, 4);
insert into chambres (id_chambre, capacite) values (37, 6);
insert into chambres (id_chambre, capacite) values (38, 7);
insert into chambres (id_chambre, capacite) values (39, 9);
insert into chambres (id_chambre, capacite) values (40, 8);
insert into chambres (id_chambre, capacite) values (41, 6);
insert into chambres (id_chambre, capacite) values (42, 9);
insert into chambres (id_chambre, capacite) values (43, 5);
insert into chambres (id_chambre, capacite) values (44, 9);
insert into chambres (id_chambre, capacite) values (45, 8);
insert into chambres (id_chambre, capacite) values (46, 3);
insert into chambres (id_chambre, capacite) values (47, 2);
insert into chambres (id_chambre, capacite) values (48, 8);
insert into chambres (id_chambre, capacite) values (49, 7);
insert into chambres (id_chambre, capacite) values (50, 1);
insert into chambres (id_chambre, capacite) values (51, 6);
insert into chambres (id_chambre, capacite) values (52, 6);
insert into chambres (id_chambre, capacite) values (53, 7);
insert into chambres (id_chambre, capacite) values (54, 2);
insert into chambres (id_chambre, capacite) values (55, 8);
insert into chambres (id_chambre, capacite) values (56, 7);
insert into chambres (id_chambre, capacite) values (57, 4);
insert into chambres (id_chambre, capacite) values (58, 9);
insert into chambres (id_chambre, capacite) values (59, 9);
insert into chambres (id_chambre, capacite) values (60, 7);
insert into chambres (id_chambre, capacite) values (61, 10);
insert into chambres (id_chambre, capacite) values (62, 3);
insert into chambres (id_chambre, capacite) values (63, 6);
insert into chambres (id_chambre, capacite) values (64, 9);
insert into chambres (id_chambre, capacite) values (65, 1);
insert into chambres (id_chambre, capacite) values (66, 3);
insert into chambres (id_chambre, capacite) values (67, 6);
insert into chambres (id_chambre, capacite) values (68, 5);
insert into chambres (id_chambre, capacite) values (69, 5);
insert into chambres (id_chambre, capacite) values (70, 7);
insert into chambres (id_chambre, capacite) values (71, 7);
insert into chambres (id_chambre, capacite) values (72, 9);
insert into chambres (id_chambre, capacite) values (73, 10);
insert into chambres (id_chambre, capacite) values (74, 9);
insert into chambres (id_chambre, capacite) values (75, 2);
insert into chambres (id_chambre, capacite) values (76, 5);
insert into chambres (id_chambre, capacite) values (77, 2);
insert into chambres (id_chambre, capacite) values (78, 3);
insert into chambres (id_chambre, capacite) values (79, 1);
insert into chambres (id_chambre, capacite) values (80, 8);
insert into chambres (id_chambre, capacite) values (81, 3);
insert into chambres (id_chambre, capacite) values (82, 10);
insert into chambres (id_chambre, capacite) values (83, 8);
insert into chambres (id_chambre, capacite) values (84, 4);
insert into chambres (id_chambre, capacite) values (85, 7);
insert into chambres (id_chambre, capacite) values (86, 4);
insert into chambres (id_chambre, capacite) values (87, 2);
insert into chambres (id_chambre, capacite) values (88, 4);
insert into chambres (id_chambre, capacite) values (89, 3);
insert into chambres (id_chambre, capacite) values (90, 9);
insert into chambres (id_chambre, capacite) values (91, 3);
insert into chambres (id_chambre, capacite) values (92, 2);
insert into chambres (id_chambre, capacite) values (93, 6);
insert into chambres (id_chambre, capacite) values (94, 7);
insert into chambres (id_chambre, capacite) values (95, 4);
insert into chambres (id_chambre, capacite) values (96, 9);
insert into chambres (id_chambre, capacite) values (97, 2);
insert into chambres (id_chambre, capacite) values (98, 3);
insert into chambres (id_chambre, capacite) values (99, 1);
insert into chambres (id_chambre, capacite) values (100, 2);
insert into chambres (id_chambre, capacite) values (101, 3);
insert into chambres (id_chambre, capacite) values (102, 3);
insert into chambres (id_chambre, capacite) values (103, 4);
insert into chambres (id_chambre, capacite) values (104, 3);
insert into chambres (id_chambre, capacite) values (105, 5);
insert into chambres (id_chambre, capacite) values (106, 4);
insert into chambres (id_chambre, capacite) values (107, 6);
insert into chambres (id_chambre, capacite) values (108, 5);
insert into chambres (id_chambre, capacite) values (109, 7);
insert into chambres (id_chambre, capacite) values (110, 1);
insert into chambres (id_chambre, capacite) values (111, 1);
insert into chambres (id_chambre, capacite) values (112, 8);
insert into chambres (id_chambre, capacite) values (113, 8);
insert into chambres (id_chambre, capacite) values (114, 5);
insert into chambres (id_chambre, capacite) values (115, 6);
insert into chambres (id_chambre, capacite) values (116, 1);
insert into chambres (id_chambre, capacite) values (117, 7);
insert into chambres (id_chambre, capacite) values (118, 3);
insert into chambres (id_chambre, capacite) values (119, 10);
insert into chambres (id_chambre, capacite) values (120, 1);
insert into chambres (id_chambre, capacite) values (121, 1);
insert into chambres (id_chambre, capacite) values (122, 6);
insert into chambres (id_chambre, capacite) values (123, 4);
insert into chambres (id_chambre, capacite) values (124, 7);
insert into chambres (id_chambre, capacite) values (125, 3);
insert into chambres (id_chambre, capacite) values (126, 8);
insert into chambres (id_chambre, capacite) values (127, 2);
insert into chambres (id_chambre, capacite) values (128, 9);
insert into chambres (id_chambre, capacite) values (129, 5);
insert into chambres (id_chambre, capacite) values (130, 3);
insert into chambres (id_chambre, capacite) values (131, 6);
insert into chambres (id_chambre, capacite) values (132, 7);
insert into chambres (id_chambre, capacite) values (133, 2);
insert into chambres (id_chambre, capacite) values (134, 4);
insert into chambres (id_chambre, capacite) values (135, 7);
insert into chambres (id_chambre, capacite) values (136, 1);
insert into chambres (id_chambre, capacite) values (137, 10);
insert into chambres (id_chambre, capacite) values (138, 9);
insert into chambres (id_chambre, capacite) values (139, 5);
insert into chambres (id_chambre, capacite) values (140, 1);
insert into chambres (id_chambre, capacite) values (141, 8);
insert into chambres (id_chambre, capacite) values (142, 3);
insert into chambres (id_chambre, capacite) values (143, 3);
insert into chambres (id_chambre, capacite) values (144, 9);
insert into chambres (id_chambre, capacite) values (145, 9);
insert into chambres (id_chambre, capacite) values (146, 5);
insert into chambres (id_chambre, capacite) values (147, 5);
insert into chambres (id_chambre, capacite) values (148, 6);
insert into chambres (id_chambre, capacite) values (149, 6);
insert into chambres (id_chambre, capacite) values (150, 1);



#### insert data into mendiant table
insert into mendiants (id_mendiant, nom, prenom, date_de_naissance, id_chambre) values (1, 'Kris', 'Escalero', '1983-06-12', 68);
insert into mendiants (id_mendiant, nom, prenom, date_de_naissance, id_chambre) values (2, 'Peggi', 'Vallender', '2016-10-30', 82);
insert into mendiants (id_mendiant, nom, prenom, date_de_naissance, id_chambre) values (3, 'Amelina', 'Rid_mendiantdeough', '2014-05-18', 114);
insert into mendiants (id_mendiant, nom, prenom, date_de_naissance, id_chambre) values (4, 'Sansone', 'Fishwick', '2022-03-01', 116);
insert into mendiants (id_mendiant, nom, prenom, date_de_naissance, id_chambre) values (5, 'Tina', 'Durno', '2013-01-01', 18);
insert into mendiants (id_mendiant, nom, prenom, date_de_naissance, id_chambre) values (6, 'Giustina', 'Mathis', '1994-05-02', 18);
insert into mendiants (id_mendiant, nom, prenom, date_de_naissance, id_chambre) values (7, 'Natalya', 'Prodrick', '2012-10-13', 97);
insert into mendiants (id_mendiant, nom, prenom, date_de_naissance, id_chambre) values (8, 'Evaleen', 'Sturr', '2008-03-02', 134);
insert into mendiants (id_mendiant, nom, prenom, date_de_naissance, id_chambre) values (9, 'Paulie', 'Rabjohn', '2001-12-28', 51);
insert into mendiants (id_mendiant, nom, prenom, date_de_naissance, id_chambre) values (10, 'Joeann', 'Meegan', '1995-09-18', 71);
insert into mendiants (id_mendiant, nom, prenom, date_de_naissance, id_chambre) values (11, 'Pennie', 'Dalgarnowch', '1997-04-09', 96);
insert into mendiants (id_mendiant, nom, prenom, date_de_naissance, id_chambre) values (12, 'Fancie', 'Legate', '2010-07-19', 55);
insert into mendiants (id_mendiant, nom, prenom, date_de_naissance, id_chambre) values (13, 'Kati', 'Rid_mendiantder', '2021-01-27', 16);
insert into mendiants (id_mendiant, nom, prenom, date_de_naissance, id_chambre) values (14, 'Goldi', 'Hamill', '1982-05-16', 139);
insert into mendiants (id_mendiant, nom, prenom, date_de_naissance, id_chambre) values (15, 'Jolee', 'Colgan', '1990-08-21', 141);
insert into mendiants (id_mendiant, nom, prenom, date_de_naissance, id_chambre) values (16, 'Matty', 'Jeffcoat', '1973-01-02', 137);
insert into mendiants (id_mendiant, nom, prenom, date_de_naissance, id_chambre) values (17, 'Violette', 'Sissot', '1980-12-13', 62);
insert into mendiants (id_mendiant, nom, prenom, date_de_naissance, id_chambre) values (18, 'Pen', 'Longmaid_mendiant', '2005-08-03', 120);
insert into mendiants (id_mendiant, nom, prenom, date_de_naissance, id_chambre) values (19, 'Candra', 'Devas', '1996-03-09', 115);
insert into mendiants (id_mendiant, nom, prenom, date_de_naissance, id_chambre) values (20, 'Korey', 'Joskowitz', '1991-07-31', 52);
insert into mendiants (id_mendiant, nom, prenom, date_de_naissance, id_chambre) values (21, 'Dalston', 'McLae', '1994-09-26', 87);
insert into mendiants (id_mendiant, nom, prenom, date_de_naissance, id_chambre) values (22, 'Dulsea', 'Birdsall', '1976-04-23', 127);
insert into mendiants (id_mendiant, nom, prenom, date_de_naissance, id_chambre) values (23, 'Mommy', 'de Villier', '2017-11-29', 121);
insert into mendiants (id_mendiant, nom, prenom, date_de_naissance, id_chambre) values (24, 'Jackqueline', 'Phebey', '1995-01-28', 41);
insert into mendiants (id_mendiant, nom, prenom, date_de_naissance, id_chambre) values (25, 'Tammie', 'Lippini', '1989-01-15', 58);
insert into mendiants (id_mendiant, nom, prenom, date_de_naissance, id_chambre) values (26, 'Steffi', 'Allam', '2012-09-12', 99);
insert into mendiants (id_mendiant, nom, prenom, date_de_naissance, id_chambre) values (27, 'Bernelle', 'Guly', '2003-02-26', 21);
insert into mendiants (id_mendiant, nom, prenom, date_de_naissance, id_chambre) values (28, 'Margaretha', 'O''Cannan', '1974-04-11', 7);
insert into mendiants (id_mendiant, nom, prenom, date_de_naissance, id_chambre) values (29, 'Padriac', 'Valti', '2007-05-31', 91);
insert into mendiants (id_mendiant, nom, prenom, date_de_naissance, id_chambre) values (30, 'Sherline', 'Gannicleff', '1977-03-07', 104);
insert into mendiants (id_mendiant, nom, prenom, date_de_naissance, id_chambre) values (31, 'Melonie', 'Evesque', '2008-06-01', 55);
insert into mendiants (id_mendiant, nom, prenom, date_de_naissance, id_chambre) values (32, 'Barbara-anne', 'Crame', '1982-01-05', 20);
insert into mendiants (id_mendiant, nom, prenom, date_de_naissance, id_chambre) values (33, 'Emeline', 'Morphet', '2001-09-03', 35);
insert into mendiants (id_mendiant, nom, prenom, date_de_naissance, id_chambre) values (34, 'Corene', 'Mottershaw', '2003-02-26', 129);
insert into mendiants (id_mendiant, nom, prenom, date_de_naissance, id_chambre) values (35, 'Hillyer', 'Chad', '1985-03-09', 80);
insert into mendiants (id_mendiant, nom, prenom, date_de_naissance, id_chambre) values (36, 'Nick', 'Leat', '2021-05-04', 86);
insert into mendiants (id_mendiant, nom, prenom, date_de_naissance, id_chambre) values (37, 'D''arcy', 'Zellner', '1990-05-31', 58);
insert into mendiants (id_mendiant, nom, prenom, date_de_naissance, id_chambre) values (38, 'Gina', 'O''Glassane', '1996-09-01', 144);
insert into mendiants (id_mendiant, nom, prenom, date_de_naissance, id_chambre) values (39, 'Wilton', 'Foskett', '2018-02-04', 120);
insert into mendiants (id_mendiant, nom, prenom, date_de_naissance, id_chambre) values (40, 'Junina', 'Petracco', '1971-04-23', 108);
insert into mendiants (id_mendiant, nom, prenom, date_de_naissance, id_chambre) values (41, 'Devora', 'Benoiton', '1993-04-14', 61);
insert into mendiants (id_mendiant, nom, prenom, date_de_naissance, id_chambre) values (42, 'Arnoldo', 'Malam', '2013-05-03', 10);
insert into mendiants (id_mendiant, nom, prenom, date_de_naissance, id_chambre) values (43, 'Burt', 'Hargroves', '1986-05-27', 72);
insert into mendiants (id_mendiant, nom, prenom, date_de_naissance, id_chambre) values (44, 'Ches', 'Poland', '2010-10-12', 147);
insert into mendiants (id_mendiant, nom, prenom, date_de_naissance, id_chambre) values (45, 'Eilis', 'Windross', '1976-08-16', 15);
insert into mendiants (id_mendiant, nom, prenom, date_de_naissance, id_chambre) values (46, 'Federico', 'Jervis', '1999-02-19', 35);
insert into mendiants (id_mendiant, nom, prenom, date_de_naissance, id_chambre) values (47, 'Margie', 'Pranger', '2002-03-09', 147);
insert into mendiants (id_mendiant, nom, prenom, date_de_naissance, id_chambre) values (48, 'Daryl', 'Doucette', '1979-05-08', 10);
insert into mendiants (id_mendiant, nom, prenom, date_de_naissance, id_chambre) values (49, 'Edy', 'Metzig', '2007-04-02', 20);
insert into mendiants (id_mendiant, nom, prenom, date_de_naissance, id_chambre) values (50, 'Wilmar', 'Eliaz', '1996-12-12', 100);
insert into mendiants (id_mendiant, nom, prenom, date_de_naissance, id_chambre) values (51, 'Alfreda', 'Earney', '2010-07-29', 46);
insert into mendiants (id_mendiant, nom, prenom, date_de_naissance, id_chambre) values (52, 'Amitie', 'Ebbrell', '1994-05-31', 61);
insert into mendiants (id_mendiant, nom, prenom, date_de_naissance, id_chambre) values (53, 'Ettie', 'Domenge', '2013-07-24', 128);
insert into mendiants (id_mendiant, nom, prenom, date_de_naissance, id_chambre) values (54, 'Carolee', 'Hendrik', '1984-01-29', 112);
insert into mendiants (id_mendiant, nom, prenom, date_de_naissance, id_chambre) values (55, 'Burton', 'Cowie', '1975-09-10', 81);
insert into mendiants (id_mendiant, nom, prenom, date_de_naissance, id_chambre) values (56, 'Susanne', 'Gowen', '1986-06-01', 3);
insert into mendiants (id_mendiant, nom, prenom, date_de_naissance, id_chambre) values (57, 'Kaspar', 'Drejer', '1984-07-13', 104);
insert into mendiants (id_mendiant, nom, prenom, date_de_naissance, id_chambre) values (58, 'Rebekah', 'Muzzall', '1973-10-13', 28);
insert into mendiants (id_mendiant, nom, prenom, date_de_naissance, id_chambre) values (59, 'Joelle', 'Ciobotaru', '1991-04-19', 26);
insert into mendiants (id_mendiant, nom, prenom, date_de_naissance, id_chambre) values (60, 'Darby', 'Goldsby', '2021-02-27', 106);
insert into mendiants (id_mendiant, nom, prenom, date_de_naissance, id_chambre) values (61, 'Buddy', 'Sturman', '1972-08-22', 51);
insert into mendiants (id_mendiant, nom, prenom, date_de_naissance, id_chambre) values (62, 'Ynez', 'Revie', '2010-09-18', 26);
insert into mendiants (id_mendiant, nom, prenom, date_de_naissance, id_chambre) values (63, 'Laney', 'Lynde', '1993-05-23', 120);
insert into mendiants (id_mendiant, nom, prenom, date_de_naissance, id_chambre) values (64, 'Weid_mendianter', 'Bawle', '1992-01-24', 136);
insert into mendiants (id_mendiant, nom, prenom, date_de_naissance, id_chambre) values (65, 'Arnold', 'Cringle', '1998-02-20', 65);
insert into mendiants (id_mendiant, nom, prenom, date_de_naissance, id_chambre) values (66, 'Uriel', 'Hacun', '2016-05-14', 76);
insert into mendiants (id_mendiant, nom, prenom, date_de_naissance, id_chambre) values (67, 'Shirleen', 'Sabbatier', '2016-03-17', 9);
insert into mendiants (id_mendiant, nom, prenom, date_de_naissance, id_chambre) values (68, 'Humfrey', 'Roscrigg', '2018-11-30', 9);
insert into mendiants (id_mendiant, nom, prenom, date_de_naissance, id_chambre) values (69, 'Thia', 'Flanigan', '1976-02-17', 109);
insert into mendiants (id_mendiant, nom, prenom, date_de_naissance, id_chambre) values (70, 'Kim', 'Walsh', '1990-04-30', 49);
insert into mendiants (id_mendiant, nom, prenom, date_de_naissance, id_chambre) values (71, 'Garik', 'Kment', '1992-08-16', 136);
insert into mendiants (id_mendiant, nom, prenom, date_de_naissance, id_chambre) values (72, 'Corabella', 'Meneyer', '2009-05-05', 123);
insert into mendiants (id_mendiant, nom, prenom, date_de_naissance, id_chambre) values (73, 'Griff', 'Hackinge', '1987-12-14', 114);
insert into mendiants (id_mendiant, nom, prenom, date_de_naissance, id_chambre) values (74, 'Say', 'Dametti', '2007-02-19', 123);
insert into mendiants (id_mendiant, nom, prenom, date_de_naissance, id_chambre) values (75, 'Sauveur', 'Kanwell', '2017-07-31', 134);
insert into mendiants (id_mendiant, nom, prenom, date_de_naissance, id_chambre) values (76, 'Alexandros', 'Zeale', '1979-05-31', 11);
insert into mendiants (id_mendiant, nom, prenom, date_de_naissance, id_chambre) values (77, 'Brannon', 'Thomtson', '1972-05-05', 93);
insert into mendiants (id_mendiant, nom, prenom, date_de_naissance, id_chambre) values (78, 'Moises', 'Algate', '1981-10-15', 102);
insert into mendiants (id_mendiant, nom, prenom, date_de_naissance, id_chambre) values (79, 'Eustace', 'Aubrun', '2018-01-10', 16);
insert into mendiants (id_mendiant, nom, prenom, date_de_naissance, id_chambre) values (80, 'Mark', 'Ewells', '2012-02-11', 22);
insert into mendiants (id_mendiant, nom, prenom, date_de_naissance, id_chambre) values (81, 'Raychel', 'Lynthal', '1977-02-06', 113);
insert into mendiants (id_mendiant, nom, prenom, date_de_naissance, id_chambre) values (82, 'Henrik', 'Sambeck', '1999-04-21', 94);
insert into mendiants (id_mendiant, nom, prenom, date_de_naissance, id_chambre) values (83, 'Case', 'McQuarrie', '2017-11-14', 68);
insert into mendiants (id_mendiant, nom, prenom, date_de_naissance, id_chambre) values (84, 'Jude', 'Jouanny', '1993-01-15', 141);
insert into mendiants (id_mendiant, nom, prenom, date_de_naissance, id_chambre) values (85, 'Onofredo', 'Lehrle', '2016-10-02', 19);
insert into mendiants (id_mendiant, nom, prenom, date_de_naissance, id_chambre) values (86, 'Normie', 'Dashkovich', '1985-03-04', 122);
insert into mendiants (id_mendiant, nom, prenom, date_de_naissance, id_chambre) values (87, 'Dalila', 'Ainsbury', '1970-12-12', 93);
insert into mendiants (id_mendiant, nom, prenom, date_de_naissance, id_chambre) values (88, 'Elaina', 'Bugbird', '1979-12-18', 138);
insert into mendiants (id_mendiant, nom, prenom, date_de_naissance, id_chambre) values (89, 'Ban', 'Slator', '1998-01-24', 69);
insert into mendiants (id_mendiant, nom, prenom, date_de_naissance, id_chambre) values (90, 'Gregoor', 'Dragge', '2021-09-01', 19);
insert into mendiants (id_mendiant, nom, prenom, date_de_naissance, id_chambre) values (91, 'Sayre', 'Hussey', '1971-08-31', 55);
insert into mendiants (id_mendiant, nom, prenom, date_de_naissance, id_chambre) values (92, 'Laney', 'Chastan', '1974-09-22', 96);
insert into mendiants (id_mendiant, nom, prenom, date_de_naissance, id_chambre) values (93, 'Othilie', 'Morrieson', '2014-11-02', 44);
insert into mendiants (id_mendiant, nom, prenom, date_de_naissance, id_chambre) values (94, 'Sal', 'Nevins', '1972-01-27', 33);
insert into mendiants (id_mendiant, nom, prenom, date_de_naissance, id_chambre) values (95, 'Odille', 'McWhannel', '1999-08-02', 86);
insert into mendiants (id_mendiant, nom, prenom, date_de_naissance, id_chambre) values (96, 'Estell', 'Parkes', '1976-08-01', 122);
insert into mendiants (id_mendiant, nom, prenom, date_de_naissance, id_chambre) values (97, 'Herbie', 'Gadie', '1989-09-24', 126);
insert into mendiants (id_mendiant, nom, prenom, date_de_naissance, id_chambre) values (98, 'Gibbie', 'Worcester', '2020-12-27', 20);
insert into mendiants (id_mendiant, nom, prenom, date_de_naissance, id_chambre) values (99, 'Aluino', 'Blanking', '2018-03-10', 43);
insert into mendiants (id_mendiant, nom, prenom, date_de_naissance, id_chambre) values (100, 'Moyra', 'Grzegorek', '2018-09-15', 32);
insert into mendiants (id_mendiant, nom, prenom, date_de_naissance, id_chambre) values (101, 'Celie', 'Ashlin', '2013-12-31', 103);
insert into mendiants (id_mendiant, nom, prenom, date_de_naissance, id_chambre) values (102, 'Abbe', 'Loreit', '2012-03-02', 61);
insert into mendiants (id_mendiant, nom, prenom, date_de_naissance, id_chambre) values (103, 'Walliw', 'Bellringer', '1991-11-28', 102);
insert into mendiants (id_mendiant, nom, prenom, date_de_naissance, id_chambre) values (104, 'Andrei', 'Maskill', '2001-04-14', 5);
insert into mendiants (id_mendiant, nom, prenom, date_de_naissance, id_chambre) values (105, 'Ash', 'Darnbrough', '1983-07-03', 52);
insert into mendiants (id_mendiant, nom, prenom, date_de_naissance, id_chambre) values (106, 'Nikolas', 'Lorenz', '2018-03-20', 1);
insert into mendiants (id_mendiant, nom, prenom, date_de_naissance, id_chambre) values (107, 'Walker', 'Aingell', '2016-02-17', 62);
insert into mendiants (id_mendiant, nom, prenom, date_de_naissance, id_chambre) values (108, 'Truman', 'Palfery', '1992-03-11', 42);
insert into mendiants (id_mendiant, nom, prenom, date_de_naissance, id_chambre) values (109, 'Caritta', 'Agett', '1987-06-07', 50);
insert into mendiants (id_mendiant, nom, prenom, date_de_naissance, id_chambre) values (110, 'Danica', 'Yeiles', '1973-10-26', 90);
insert into mendiants (id_mendiant, nom, prenom, date_de_naissance, id_chambre) values (111, 'Janene', 'Uppett', '2021-11-29', 8);
insert into mendiants (id_mendiant, nom, prenom, date_de_naissance, id_chambre) values (112, 'Ahmed', 'Lukasik', '2010-02-14', 97);
insert into mendiants (id_mendiant, nom, prenom, date_de_naissance, id_chambre) values (113, 'Godfry', 'Slyme', '1997-04-02', 30);
insert into mendiants (id_mendiant, nom, prenom, date_de_naissance, id_chambre) values (114, 'Angy', 'Yakovl', '2009-06-06', 33);
insert into mendiants (id_mendiant, nom, prenom, date_de_naissance, id_chambre) values (115, 'Fanechka', 'Mattke', '1981-09-15', 113);
insert into mendiants (id_mendiant, nom, prenom, date_de_naissance, id_chambre) values (116, 'Udall', 'Filipson', '2000-02-16', 139);
insert into mendiants (id_mendiant, nom, prenom, date_de_naissance, id_chambre) values (117, 'Camellia', 'Walbrun', '1996-02-01', 35);
insert into mendiants (id_mendiant, nom, prenom, date_de_naissance, id_chambre) values (118, 'Antony', 'Edes', '1984-08-05', 145);
insert into mendiants (id_mendiant, nom, prenom, date_de_naissance, id_chambre) values (119, 'Dacia', 'Dack', '1971-05-01', 105);
insert into mendiants (id_mendiant, nom, prenom, date_de_naissance, id_chambre) values (120, 'Dolley', 'Kemell', '2015-12-01', 36);
insert into mendiants (id_mendiant, nom, prenom, date_de_naissance, id_chambre) values (121, 'Rubin', 'Nickell', '2020-12-15', 49);
insert into mendiants (id_mendiant, nom, prenom, date_de_naissance, id_chambre) values (122, 'Jedd', 'Clawsley', '2008-11-04', 142);
insert into mendiants (id_mendiant, nom, prenom, date_de_naissance, id_chambre) values (123, 'Arid_mendiantatha', 'Lerohan', '2010-06-08', 79);
insert into mendiants (id_mendiant, nom, prenom, date_de_naissance, id_chambre) values (124, 'Karlotta', 'Fairn', '1988-06-22', 144);
insert into mendiants (id_mendiant, nom, prenom, date_de_naissance, id_chambre) values (125, 'Scott', 'Fetter', '1982-11-21', 67);
insert into mendiants (id_mendiant, nom, prenom, date_de_naissance, id_chambre) values (126, 'Mina', 'Keeling', '1987-12-23', 90);
insert into mendiants (id_mendiant, nom, prenom, date_de_naissance, id_chambre) values (127, 'id_mendiantell', 'Waudby', '1987-04-26', 144);
insert into mendiants (id_mendiant, nom, prenom, date_de_naissance, id_chambre) values (128, 'Brandtr', 'Domelaw', '2015-05-10', 111);
insert into mendiants (id_mendiant, nom, prenom, date_de_naissance, id_chambre) values (129, 'Arthur', 'Carik', '2004-06-29', 57);
insert into mendiants (id_mendiant, nom, prenom, date_de_naissance, id_chambre) values (130, 'Dion', 'Dauncey', '2004-06-22', 147);
insert into mendiants (id_mendiant, nom, prenom, date_de_naissance, id_chambre) values (131, 'Murdock', 'Sex', '1992-09-25', 113);
insert into mendiants (id_mendiant, nom, prenom, date_de_naissance, id_chambre) values (132, 'Penn', 'Jahnke', '2000-04-22', 37);
insert into mendiants (id_mendiant, nom, prenom, date_de_naissance, id_chambre) values (133, 'Tobe', 'Hallum', '1975-09-08', 1);
insert into mendiants (id_mendiant, nom, prenom, date_de_naissance, id_chambre) values (134, 'Gillie', 'Cronk', '2013-08-05', 142);
insert into mendiants (id_mendiant, nom, prenom, date_de_naissance, id_chambre) values (135, 'Kenyon', 'Croydon', '1978-03-22', 70);
insert into mendiants (id_mendiant, nom, prenom, date_de_naissance, id_chambre) values (136, 'Man', 'McIlwraith', '2004-09-18', 28);
insert into mendiants (id_mendiant, nom, prenom, date_de_naissance, id_chambre) values (137, 'Brunhilde', 'MacCarter', '1981-01-10', 13);
insert into mendiants (id_mendiant, nom, prenom, date_de_naissance, id_chambre) values (138, 'Alexei', 'Maffioletti', '1975-11-28', 19);
insert into mendiants (id_mendiant, nom, prenom, date_de_naissance, id_chambre) values (139, 'Catriona', 'Barkas', '1981-01-17', 105);
insert into mendiants (id_mendiant, nom, prenom, date_de_naissance, id_chambre) values (140, 'Tove', 'Eschelle', '1992-01-19', 108);
insert into mendiants (id_mendiant, nom, prenom, date_de_naissance, id_chambre) values (141, 'Ira', 'Spata', '1989-11-25', 126);
insert into mendiants (id_mendiant, nom, prenom, date_de_naissance, id_chambre) values (142, 'Finlay', 'MacRorie', '2016-08-23', 55);
insert into mendiants (id_mendiant, nom, prenom, date_de_naissance, id_chambre) values (143, 'Elyse', 'Perrie', '1998-06-06', 80);
insert into mendiants (id_mendiant, nom, prenom, date_de_naissance, id_chambre) values (144, 'Esmeralda', 'Valett', '1972-06-05', 145);
insert into mendiants (id_mendiant, nom, prenom, date_de_naissance, id_chambre) values (145, 'Pietra', 'Stenett', '2014-06-05', 100);
insert into mendiants (id_mendiant, nom, prenom, date_de_naissance, id_chambre) values (146, 'Sydney', 'Leyman', '2010-10-23', 100);
insert into mendiants (id_mendiant, nom, prenom, date_de_naissance, id_chambre) values (147, 'Isador', 'Yushankin', '1999-10-25', 143);
insert into mendiants (id_mendiant, nom, prenom, date_de_naissance, id_chambre) values (148, 'Tobit', 'Booton', '1985-09-21', 12);
insert into mendiants (id_mendiant, nom, prenom, date_de_naissance, id_chambre) values (149, 'Curtice', 'Anselmi', '1974-01-19', 30);
insert into mendiants (id_mendiant, nom, prenom, date_de_naissance, id_chambre) values (150, 'Addie', 'Fisbey', '2018-03-10', 111);
insert into mendiants (id_mendiant, nom, prenom, date_de_naissance, id_chambre) values (151, 'Bari', 'Saylor', '2021-12-10', 77);
insert into mendiants (id_mendiant, nom, prenom, date_de_naissance, id_chambre) values (152, 'Milo', 'Cassels', '1988-10-09', 35);
insert into mendiants (id_mendiant, nom, prenom, date_de_naissance, id_chambre) values (153, 'Miles', 'Arnoldi', '2004-11-10', 124);
insert into mendiants (id_mendiant, nom, prenom, date_de_naissance, id_chambre) values (154, 'Byrle', 'Rainon', '2009-09-29', 64);
insert into mendiants (id_mendiant, nom, prenom, date_de_naissance, id_chambre) values (155, 'Kristal', 'Canavan', '2010-03-20', 101);
insert into mendiants (id_mendiant, nom, prenom, date_de_naissance, id_chambre) values (156, 'Town', 'Pethybrid_mendiantge', '1988-02-24', 51);
insert into mendiants (id_mendiant, nom, prenom, date_de_naissance, id_chambre) values (157, 'Sarge', 'Shopcott', '2014-07-02', 36);
insert into mendiants (id_mendiant, nom, prenom, date_de_naissance, id_chambre) values (158, 'Rickard', 'O''Hannen', '2000-09-24', 102);
insert into mendiants (id_mendiant, nom, prenom, date_de_naissance, id_chambre) values (159, 'Tania', 'Pescod', '1986-10-31', 80);
insert into mendiants (id_mendiant, nom, prenom, date_de_naissance, id_chambre) values (160, 'Gardiner', 'Godain', '2014-01-19', 55);
insert into mendiants (id_mendiant, nom, prenom, date_de_naissance, id_chambre) values (161, 'Hilarius', 'O'' Mullane', '2003-07-09', 105);
insert into mendiants (id_mendiant, nom, prenom, date_de_naissance, id_chambre) values (162, 'Jeralee', 'Rubinowicz', '1971-12-19', 109);
insert into mendiants (id_mendiant, nom, prenom, date_de_naissance, id_chambre) values (163, 'Corene', 'MacAndie', '1972-09-03', 85);
insert into mendiants (id_mendiant, nom, prenom, date_de_naissance, id_chambre) values (164, 'Sofia', 'Dearle', '2014-11-20', 122);
insert into mendiants (id_mendiant, nom, prenom, date_de_naissance, id_chambre) values (165, 'Evan', 'Piecha', '2007-03-09', 86);
insert into mendiants (id_mendiant, nom, prenom, date_de_naissance, id_chambre) values (166, 'Ebeneser', 'McCreadie', '1996-04-23', 50);
insert into mendiants (id_mendiant, nom, prenom, date_de_naissance, id_chambre) values (167, 'Harman', 'Joutapavicius', '2004-10-02', 76);
insert into mendiants (id_mendiant, nom, prenom, date_de_naissance, id_chambre) values (168, 'Timmy', 'Raddish', '1978-12-29', 1);
insert into mendiants (id_mendiant, nom, prenom, date_de_naissance, id_chambre) values (169, 'Diannne', 'McClaren', '2017-12-26', 88);
insert into mendiants (id_mendiant, nom, prenom, date_de_naissance, id_chambre) values (170, 'Rutger', 'Edleston', '2011-04-01', 121);
insert into mendiants (id_mendiant, nom, prenom, date_de_naissance, id_chambre) values (171, 'Karlee', 'Gellert', '2003-07-17', 67);
insert into mendiants (id_mendiant, nom, prenom, date_de_naissance, id_chambre) values (172, 'Garvin', 'Malcher', '1981-10-03', 134);
insert into mendiants (id_mendiant, nom, prenom, date_de_naissance, id_chambre) values (173, 'Pauletta', 'Dunley', '1971-11-28', 138);
insert into mendiants (id_mendiant, nom, prenom, date_de_naissance, id_chambre) values (174, 'Tasia', 'McKeveney', '1992-04-30', 66);
insert into mendiants (id_mendiant, nom, prenom, date_de_naissance, id_chambre) values (175, 'Abran', 'Arrington', '1989-04-09', 140);
insert into mendiants (id_mendiant, nom, prenom, date_de_naissance, id_chambre) values (176, 'Barris', 'Medley', '1972-03-29', 17);
insert into mendiants (id_mendiant, nom, prenom, date_de_naissance, id_chambre) values (177, 'Tiffani', 'Brine', '1985-03-25', 13);
insert into mendiants (id_mendiant, nom, prenom, date_de_naissance, id_chambre) values (178, 'Betsy', 'Skillman', '1989-06-08', 83);
insert into mendiants (id_mendiant, nom, prenom, date_de_naissance, id_chambre) values (179, 'Hamlen', 'Kingscote', '1994-07-14', 62);
insert into mendiants (id_mendiant, nom, prenom, date_de_naissance, id_chambre) values (180, 'Hugh', 'Plaister', '2018-07-17', 53);
insert into mendiants (id_mendiant, nom, prenom, date_de_naissance, id_chambre) values (181, 'Tedman', 'Melbourn', '1993-11-28', 87);
insert into mendiants (id_mendiant, nom, prenom, date_de_naissance, id_chambre) values (182, 'Dalli', 'Trevascus', '2015-08-14', 79);
insert into mendiants (id_mendiant, nom, prenom, date_de_naissance, id_chambre) values (183, 'Shirlene', 'Gimblet', '1990-08-25', 146);
insert into mendiants (id_mendiant, nom, prenom, date_de_naissance, id_chambre) values (184, 'Frederigo', 'Petherick', '1995-11-13', 146);
insert into mendiants (id_mendiant, nom, prenom, date_de_naissance, id_chambre) values (185, 'Elmira', 'Farrow', '1978-06-13', 45);
insert into mendiants (id_mendiant, nom, prenom, date_de_naissance, id_chambre) values (186, 'Rog', 'Grabbam', '1996-12-28', 44);
insert into mendiants (id_mendiant, nom, prenom, date_de_naissance, id_chambre) values (187, 'Leon', 'Du Barry', '2016-12-11', 50);
insert into mendiants (id_mendiant, nom, prenom, date_de_naissance, id_chambre) values (188, 'Alexandro', 'Kingswood', '2007-10-12', 122);
insert into mendiants (id_mendiant, nom, prenom, date_de_naissance, id_chambre) values (189, 'Pat', 'Gornar', '1992-03-22', 89);
insert into mendiants (id_mendiant, nom, prenom, date_de_naissance, id_chambre) values (190, 'Renelle', 'Cole', '1971-06-10', 13);
insert into mendiants (id_mendiant, nom, prenom, date_de_naissance, id_chambre) values (191, 'Alwyn', 'Nelle', '2016-06-10', 34);
insert into mendiants (id_mendiant, nom, prenom, date_de_naissance, id_chambre) values (192, 'Rex', 'Harragin', '1978-09-12', 38);
insert into mendiants (id_mendiant, nom, prenom, date_de_naissance, id_chambre) values (193, 'Burnard', 'Carlsson', '1970-09-20', 100);
insert into mendiants (id_mendiant, nom, prenom, date_de_naissance, id_chambre) values (194, 'Kelci', 'Laydon', '1992-01-15', 92);
insert into mendiants (id_mendiant, nom, prenom, date_de_naissance, id_chambre) values (195, 'Vernice', 'Pachta', '2015-03-20', 94);
insert into mendiants (id_mendiant, nom, prenom, date_de_naissance, id_chambre) values (196, 'Lauryn', 'Matson', '1990-03-25', 117);
insert into mendiants (id_mendiant, nom, prenom, date_de_naissance, id_chambre) values (197, 'Garrard', 'Corstorphine', '1996-05-14', 79);
insert into mendiants (id_mendiant, nom, prenom, date_de_naissance, id_chambre) values (198, 'Kessiah', 'Esel', '2018-05-07', 93);
insert into mendiants (id_mendiant, nom, prenom, date_de_naissance, id_chambre) values (199, 'Maddalena', 'Hebblethwaite', '1994-11-10', 24);
insert into mendiants (id_mendiant, nom, prenom, date_de_naissance, id_chambre) values (200, 'Vanessa', 'Normant', '1978-09-08', 88);
insert into mendiants (id_mendiant, nom, prenom, date_de_naissance, id_chambre) values (201, 'Lydia', 'Give', '2016-12-24', 8);
insert into mendiants (id_mendiant, nom, prenom, date_de_naissance, id_chambre) values (202, 'Kendell', 'Naire', '2019-05-01', 119);
insert into mendiants (id_mendiant, nom, prenom, date_de_naissance, id_chambre) values (203, 'Whitney', 'Corfield', '2015-07-19', 56);
insert into mendiants (id_mendiant, nom, prenom, date_de_naissance, id_chambre) values (204, 'Stace', 'Smedmore', '2005-03-14', 108);
insert into mendiants (id_mendiant, nom, prenom, date_de_naissance, id_chambre) values (205, 'Valid_mendianta', 'Shory', '1996-02-07', 119);
insert into mendiants (id_mendiant, nom, prenom, date_de_naissance, id_chambre) values (206, 'Erika', 'Binnes', '2006-08-10', 113);
insert into mendiants (id_mendiant, nom, prenom, date_de_naissance, id_chambre) values (207, 'Sutherlan', 'Reddy', '2018-12-17', 27);
insert into mendiants (id_mendiant, nom, prenom, date_de_naissance, id_chambre) values (208, 'Arthur', 'Arkil', '2021-12-26', 35);
insert into mendiants (id_mendiant, nom, prenom, date_de_naissance, id_chambre) values (209, 'Marion', 'Duce', '1973-08-30', 143);
insert into mendiants (id_mendiant, nom, prenom, date_de_naissance, id_chambre) values (210, 'Iver', 'Lockney', '1999-02-15', 114);
insert into mendiants (id_mendiant, nom, prenom, date_de_naissance, id_chambre) values (211, 'Linn', 'Vid_mendianteneev', '1983-03-03', 31);
insert into mendiants (id_mendiant, nom, prenom, date_de_naissance, id_chambre) values (212, 'Melesa', 'Veale', '1994-12-30', 138);
insert into mendiants (id_mendiant, nom, prenom, date_de_naissance, id_chambre) values (213, 'Maurise', 'Filippo', '2013-06-30', 8);
insert into mendiants (id_mendiant, nom, prenom, date_de_naissance, id_chambre) values (214, 'Sosanna', 'Hairs', '2003-04-17', 6);
insert into mendiants (id_mendiant, nom, prenom, date_de_naissance, id_chambre) values (215, 'Tracey', 'Thake', '1995-01-14', 35);
insert into mendiants (id_mendiant, nom, prenom, date_de_naissance, id_chambre) values (216, 'Seana', 'Ollis', '1985-05-25', 48);
insert into mendiants (id_mendiant, nom, prenom, date_de_naissance, id_chambre) values (217, 'Sydney', 'Pruckner', '1974-08-25', 35);
insert into mendiants (id_mendiant, nom, prenom, date_de_naissance, id_chambre) values (218, 'Jock', 'Raun', '1989-07-07', 126);
insert into mendiants (id_mendiant, nom, prenom, date_de_naissance, id_chambre) values (219, 'Jackson', 'Sokill', '1981-12-01', 114);
insert into mendiants (id_mendiant, nom, prenom, date_de_naissance, id_chambre) values (220, 'Ranee', 'Pepye', '2013-08-23', 29);
insert into mendiants (id_mendiant, nom, prenom, date_de_naissance, id_chambre) values (221, 'Tonya', 'Locock', '1994-09-23', 79);
insert into mendiants (id_mendiant, nom, prenom, date_de_naissance, id_chambre) values (222, 'Rana', 'Cejka', '1992-10-26', 45);
insert into mendiants (id_mendiant, nom, prenom, date_de_naissance, id_chambre) values (223, 'Audie', 'Garth', '2022-03-09', 107);
insert into mendiants (id_mendiant, nom, prenom, date_de_naissance, id_chambre) values (224, 'Thorn', 'Humbles', '1985-01-20', 69);
insert into mendiants (id_mendiant, nom, prenom, date_de_naissance, id_chambre) values (225, 'Jorry', 'Fontanet', '1975-01-07', 68);
insert into mendiants (id_mendiant, nom, prenom, date_de_naissance, id_chambre) values (226, 'Isis', 'McGuire', '1997-02-02', 140);
insert into mendiants (id_mendiant, nom, prenom, date_de_naissance, id_chambre) values (227, 'Mattheus', 'Hellicar', '1974-08-13', 26);
insert into mendiants (id_mendiant, nom, prenom, date_de_naissance, id_chambre) values (228, 'Ringo', 'Ohrt', '1986-06-10', 63);
insert into mendiants (id_mendiant, nom, prenom, date_de_naissance, id_chambre) values (229, 'Hoebart', 'Leahey', '2021-05-14', 92);
insert into mendiants (id_mendiant, nom, prenom, date_de_naissance, id_chambre) values (230, 'Zabrina', 'Clifft', '1989-12-03', 90);
insert into mendiants (id_mendiant, nom, prenom, date_de_naissance, id_chambre) values (231, 'Tessa', 'Bacchus', '1998-03-07', 18);
insert into mendiants (id_mendiant, nom, prenom, date_de_naissance, id_chambre) values (232, 'Ettore', 'Ochterlonie', '2006-05-15', 33);
insert into mendiants (id_mendiant, nom, prenom, date_de_naissance, id_chambre) values (233, 'Cahra', 'Roddick', '1975-08-08', 36);
insert into mendiants (id_mendiant, nom, prenom, date_de_naissance, id_chambre) values (234, 'Aura', 'Milkeham', '1992-05-03', 84);
insert into mendiants (id_mendiant, nom, prenom, date_de_naissance, id_chambre) values (235, 'Roxanne', 'Golley', '1990-08-19', 14);
insert into mendiants (id_mendiant, nom, prenom, date_de_naissance, id_chambre) values (236, 'Liuka', 'Tuhy', '1985-10-26', 57);
insert into mendiants (id_mendiant, nom, prenom, date_de_naissance, id_chambre) values (237, 'Cathe', 'Cutchie', '2008-07-30', 50);
insert into mendiants (id_mendiant, nom, prenom, date_de_naissance, id_chambre) values (238, 'Dale', 'Portwaine', '1973-09-01', 74);
insert into mendiants (id_mendiant, nom, prenom, date_de_naissance, id_chambre) values (239, 'Daffi', 'Edmund', '1990-05-20', 36);
insert into mendiants (id_mendiant, nom, prenom, date_de_naissance, id_chambre) values (240, 'Luke', 'Gandey', '1982-11-29', 65);
insert into mendiants (id_mendiant, nom, prenom, date_de_naissance, id_chambre) values (241, 'Elana', 'MacIlhargy', '1971-05-23', 10);
insert into mendiants (id_mendiant, nom, prenom, date_de_naissance, id_chambre) values (242, 'Therine', 'Ajsik', '1993-10-10', 81);
insert into mendiants (id_mendiant, nom, prenom, date_de_naissance, id_chambre) values (243, 'Megen', 'Sharville', '1977-01-19', 59);
insert into mendiants (id_mendiant, nom, prenom, date_de_naissance, id_chambre) values (244, 'Niki', 'Kynnd', '1979-12-30', 96);
insert into mendiants (id_mendiant, nom, prenom, date_de_naissance, id_chambre) values (245, 'Sibley', 'Nestor', '1980-04-15', 127);
insert into mendiants (id_mendiant, nom, prenom, date_de_naissance, id_chambre) values (246, 'Ranna', 'id_mendiantiens', '1978-09-25', 87);
insert into mendiants (id_mendiant, nom, prenom, date_de_naissance, id_chambre) values (247, 'Maxwell', 'Folshom', '1999-04-21', 35);
insert into mendiants (id_mendiant, nom, prenom, date_de_naissance, id_chambre) values (248, 'Kathye', 'Driuzzi', '2020-04-13', 90);
insert into mendiants (id_mendiant, nom, prenom, date_de_naissance, id_chambre) values (249, 'Rad', 'Cussons', '1991-12-08', 147);
insert into mendiants (id_mendiant, nom, prenom, date_de_naissance, id_chambre) values (250, 'Candie', 'McNellis', '1998-06-30', 93);
insert into mendiants (id_mendiant, nom, prenom, date_de_naissance, id_chambre) values (251, 'Vera', 'Abadam', '2010-07-25', 52);
insert into mendiants (id_mendiant, nom, prenom, date_de_naissance, id_chambre) values (252, 'Conchita', 'McNea', '2012-01-03', 82);
insert into mendiants (id_mendiant, nom, prenom, date_de_naissance, id_chambre) values (253, 'Gian', 'Antal', '1994-10-15', 85);
insert into mendiants (id_mendiant, nom, prenom, date_de_naissance, id_chambre) values (254, 'Travers', 'Salter', '1971-04-05', 67);
insert into mendiants (id_mendiant, nom, prenom, date_de_naissance, id_chambre) values (255, 'Sonny', 'Dobinson', '2005-06-29', 141);
insert into mendiants (id_mendiant, nom, prenom, date_de_naissance, id_chambre) values (256, 'Aloysius', 'Axel', '2000-09-11', 116);
insert into mendiants (id_mendiant, nom, prenom, date_de_naissance, id_chambre) values (257, 'Paulina', 'Cunney', '1990-03-07', 74);
insert into mendiants (id_mendiant, nom, prenom, date_de_naissance, id_chambre) values (258, 'Quintana', 'Gossan', '1980-01-15', 133);
insert into mendiants (id_mendiant, nom, prenom, date_de_naissance, id_chambre) values (259, 'Brew', 'Scahill', '2004-05-22', 149);
insert into mendiants (id_mendiant, nom, prenom, date_de_naissance, id_chambre) values (260, 'Meredith', 'Spackman', '2008-07-17', 60);
insert into mendiants (id_mendiant, nom, prenom, date_de_naissance, id_chambre) values (261, 'Velvet', 'Christophe', '1986-10-30', 6);
insert into mendiants (id_mendiant, nom, prenom, date_de_naissance, id_chambre) values (262, 'Elvina', 'Hackin', '2008-08-29', 66);
insert into mendiants (id_mendiant, nom, prenom, date_de_naissance, id_chambre) values (263, 'Alfons', 'Yandle', '1996-05-30', 77);
insert into mendiants (id_mendiant, nom, prenom, date_de_naissance, id_chambre) values (264, 'Loria', 'Elsom', '2009-10-25', 62);
insert into mendiants (id_mendiant, nom, prenom, date_de_naissance, id_chambre) values (265, 'Patricia', 'Vankeev', '1977-11-17', 3);
insert into mendiants (id_mendiant, nom, prenom, date_de_naissance, id_chambre) values (266, 'Dame', 'Woodnutt', '1984-11-10', 84);
insert into mendiants (id_mendiant, nom, prenom, date_de_naissance, id_chambre) values (267, 'Oby', 'Kennington', '1976-08-10', 45);
insert into mendiants (id_mendiant, nom, prenom, date_de_naissance, id_chambre) values (268, 'Danika', 'Leas', '1979-03-14', 5);
insert into mendiants (id_mendiant, nom, prenom, date_de_naissance, id_chambre) values (269, 'Robinet', 'Niesing', '1970-10-14', 8);
insert into mendiants (id_mendiant, nom, prenom, date_de_naissance, id_chambre) values (270, 'Randene', 'Perillo', '1988-06-03', 11);
insert into mendiants (id_mendiant, nom, prenom, date_de_naissance, id_chambre) values (271, 'Spence', 'Battista', '2014-11-06', 122);
insert into mendiants (id_mendiant, nom, prenom, date_de_naissance, id_chambre) values (272, 'Thurstan', 'Goskar', '2006-09-01', 41);
insert into mendiants (id_mendiant, nom, prenom, date_de_naissance, id_chambre) values (273, 'Zora', 'Kid_mendiantdye', '2003-10-17', 59);
insert into mendiants (id_mendiant, nom, prenom, date_de_naissance, id_chambre) values (274, 'Tann', 'Sondland', '2004-11-15', 56);
insert into mendiants (id_mendiant, nom, prenom, date_de_naissance, id_chambre) values (275, 'Gwennie', 'Meriet', '1970-10-16', 141);
insert into mendiants (id_mendiant, nom, prenom, date_de_naissance, id_chambre) values (276, 'Genevra', 'Mc Grath', '1999-04-15', 94);
insert into mendiants (id_mendiant, nom, prenom, date_de_naissance, id_chambre) values (277, 'Alisander', 'Rubie', '2000-03-03', 18);
insert into mendiants (id_mendiant, nom, prenom, date_de_naissance, id_chambre) values (278, 'Melisande', 'Mallows', '2005-11-02', 140);
insert into mendiants (id_mendiant, nom, prenom, date_de_naissance, id_chambre) values (279, 'Niels', 'De Few', '1975-10-11', 50);
insert into mendiants (id_mendiant, nom, prenom, date_de_naissance, id_chambre) values (280, 'Brittany', 'Vardey', '1975-07-15', 23);
insert into mendiants (id_mendiant, nom, prenom, date_de_naissance, id_chambre) values (281, 'Jocelyn', 'Water', '2020-11-29', 34);
insert into mendiants (id_mendiant, nom, prenom, date_de_naissance, id_chambre) values (282, 'Janeen', 'Goodhew', '1971-10-19', 135);
insert into mendiants (id_mendiant, nom, prenom, date_de_naissance, id_chambre) values (283, 'Wallace', 'Mangan', '1996-02-28', 70);
insert into mendiants (id_mendiant, nom, prenom, date_de_naissance, id_chambre) values (284, 'Norine', 'Pachmann', '1979-01-17', 115);
insert into mendiants (id_mendiant, nom, prenom, date_de_naissance, id_chambre) values (285, 'Rhody', 'Beveredge', '2007-02-18', 33);
insert into mendiants (id_mendiant, nom, prenom, date_de_naissance, id_chambre) values (286, 'Farah', 'Kingscote', '2016-06-22', 70);
insert into mendiants (id_mendiant, nom, prenom, date_de_naissance, id_chambre) values (287, 'Jenn', 'Deavall', '1993-09-06', 26);
insert into mendiants (id_mendiant, nom, prenom, date_de_naissance, id_chambre) values (288, 'Rycca', 'Malkin', '1973-07-23', 97);
insert into mendiants (id_mendiant, nom, prenom, date_de_naissance, id_chambre) values (289, 'Conrade', 'Nijssen', '1985-03-30', 77);
insert into mendiants (id_mendiant, nom, prenom, date_de_naissance, id_chambre) values (290, 'Missy', 'Bock', '1973-11-04', 122);
insert into mendiants (id_mendiant, nom, prenom, date_de_naissance, id_chambre) values (291, 'Mathilda', 'Peller', '1985-10-25', 110);
insert into mendiants (id_mendiant, nom, prenom, date_de_naissance, id_chambre) values (292, 'Dee', 'Birden', '2020-05-09', 10);
insert into mendiants (id_mendiant, nom, prenom, date_de_naissance, id_chambre) values (293, 'Tobie', 'Farmer', '1990-05-06', 112);
insert into mendiants (id_mendiant, nom, prenom, date_de_naissance, id_chambre) values (294, 'Georgy', 'Moylane', '1982-03-11', 10);
insert into mendiants (id_mendiant, nom, prenom, date_de_naissance, id_chambre) values (295, 'Sarge', 'Ritelli', '2005-10-21', 56);
insert into mendiants (id_mendiant, nom, prenom, date_de_naissance, id_chambre) values (296, 'Alexandro', 'MacNally', '1994-04-28', 70);
insert into mendiants (id_mendiant, nom, prenom, date_de_naissance, id_chambre) values (297, 'Page', 'Dumbellow', '2010-01-21', 73);
insert into mendiants (id_mendiant, nom, prenom, date_de_naissance, id_chambre) values (298, 'Sayre', 'Bastistini', '1979-09-02', 102);
insert into mendiants (id_mendiant, nom, prenom, date_de_naissance, id_chambre) values (299, 'Ted', 'Lyngsted', '2013-05-16', 50);
insert into mendiants (id_mendiant, nom, prenom, date_de_naissance, id_chambre) values (300, 'Dexter', 'Bonicelli', '2008-03-08', 97);
insert into mendiants (id_mendiant, nom, prenom, date_de_naissance, id_chambre) values (301, 'Carleen', 'Le Guin', '2010-11-23', 83);
insert into mendiants (id_mendiant, nom, prenom, date_de_naissance, id_chambre) values (302, 'Raine', 'Vassay', '1974-06-26', 46);
insert into mendiants (id_mendiant, nom, prenom, date_de_naissance, id_chambre) values (303, 'Hayley', 'Corneliussen', '1998-09-12', 84);
insert into mendiants (id_mendiant, nom, prenom, date_de_naissance, id_chambre) values (304, 'Kristofer', 'Fransinelli', '2018-09-01', 74);
insert into mendiants (id_mendiant, nom, prenom, date_de_naissance, id_chambre) values (305, 'Boot', 'Sawdy', '1991-06-30', 57);
insert into mendiants (id_mendiant, nom, prenom, date_de_naissance, id_chambre) values (306, 'Krysta', 'Jestico', '2017-08-06', 113);
insert into mendiants (id_mendiant, nom, prenom, date_de_naissance, id_chambre) values (307, 'Terrell', 'Purcer', '2014-02-19', 67);
insert into mendiants (id_mendiant, nom, prenom, date_de_naissance, id_chambre) values (308, 'Tiphani', 'Varlow', '1982-01-25', 130);
insert into mendiants (id_mendiant, nom, prenom, date_de_naissance, id_chambre) values (309, 'Eduino', 'Alberti', '2007-02-03', 140);
insert into mendiants (id_mendiant, nom, prenom, date_de_naissance, id_chambre) values (310, 'Candice', 'Gourlie', '1998-07-05', 40);
insert into mendiants (id_mendiant, nom, prenom, date_de_naissance, id_chambre) values (311, 'Myranda', 'Kite', '1988-12-14', 149);
insert into mendiants (id_mendiant, nom, prenom, date_de_naissance, id_chambre) values (312, 'Johnna', 'Fullard', '1978-02-22', 79);
insert into mendiants (id_mendiant, nom, prenom, date_de_naissance, id_chambre) values (313, 'Palmer', 'Bourtoumieux', '1972-06-26', 3);
insert into mendiants (id_mendiant, nom, prenom, date_de_naissance, id_chambre) values (314, 'Margaret', 'MacDermand', '1984-06-19', 149);
insert into mendiants (id_mendiant, nom, prenom, date_de_naissance, id_chambre) values (315, 'Jessamyn', 'Kersey', '1995-04-14', 57);
insert into mendiants (id_mendiant, nom, prenom, date_de_naissance, id_chambre) values (316, 'Jo', 'Chisolm', '2001-05-23', 12);
insert into mendiants (id_mendiant, nom, prenom, date_de_naissance, id_chambre) values (317, 'Kirstyn', 'Andell', '1981-06-15', 126);
insert into mendiants (id_mendiant, nom, prenom, date_de_naissance, id_chambre) values (318, 'Raleigh', 'Elsworth', '2015-09-19', 125);
insert into mendiants (id_mendiant, nom, prenom, date_de_naissance, id_chambre) values (319, 'Beitris', 'Lutsch', '1977-08-13', 93);
insert into mendiants (id_mendiant, nom, prenom, date_de_naissance, id_chambre) values (320, 'Malina', 'Haddrell', '1997-07-03', 77);
insert into mendiants (id_mendiant, nom, prenom, date_de_naissance, id_chambre) values (321, 'Cointon', 'Flood', '2001-08-25', 100);
insert into mendiants (id_mendiant, nom, prenom, date_de_naissance, id_chambre) values (322, 'Delphinia', 'Delacote', '2012-07-11', 37);
insert into mendiants (id_mendiant, nom, prenom, date_de_naissance, id_chambre) values (323, 'Luther', 'Jirusek', '1999-12-14', 128);
insert into mendiants (id_mendiant, nom, prenom, date_de_naissance, id_chambre) values (324, 'Georgia', 'Aterid_mendiantge', '2004-01-27', 84);
insert into mendiants (id_mendiant, nom, prenom, date_de_naissance, id_chambre) values (325, 'Elaina', 'Rotchell', '1994-03-07', 126);
insert into mendiants (id_mendiant, nom, prenom, date_de_naissance, id_chambre) values (326, 'Gianina', 'Tutt', '1981-04-25', 126);
insert into mendiants (id_mendiant, nom, prenom, date_de_naissance, id_chambre) values (327, 'Patricia', 'Jachimczak', '1997-09-03', 53);
insert into mendiants (id_mendiant, nom, prenom, date_de_naissance, id_chambre) values (328, 'Rafael', 'Todman', '1981-10-02', 7);
insert into mendiants (id_mendiant, nom, prenom, date_de_naissance, id_chambre) values (329, 'Salem', 'Morsley', '2020-07-18', 93);
insert into mendiants (id_mendiant, nom, prenom, date_de_naissance, id_chambre) values (330, 'Darwin', 'Rushby', '2014-08-20', 131);
insert into mendiants (id_mendiant, nom, prenom, date_de_naissance, id_chambre) values (331, 'Burch', 'Maffey', '1992-12-23', 64);
insert into mendiants (id_mendiant, nom, prenom, date_de_naissance, id_chambre) values (332, 'Krisha', 'Hein', '2004-03-21', 62);
insert into mendiants (id_mendiant, nom, prenom, date_de_naissance, id_chambre) values (333, 'Jedid_mendiantiah', 'Leith', '2011-02-06', 102);
insert into mendiants (id_mendiant, nom, prenom, date_de_naissance, id_chambre) values (334, 'Leta', 'Newham', '1975-07-18', 92);
insert into mendiants (id_mendiant, nom, prenom, date_de_naissance, id_chambre) values (335, 'Celina', 'Jerg', '2007-10-04', 100);
insert into mendiants (id_mendiant, nom, prenom, date_de_naissance, id_chambre) values (336, 'Peggi', 'Hollingshead', '1976-12-14', 140);
insert into mendiants (id_mendiant, nom, prenom, date_de_naissance, id_chambre) values (337, 'Yule', 'Spurrett', '1973-03-12', 149);
insert into mendiants (id_mendiant, nom, prenom, date_de_naissance, id_chambre) values (338, 'Talia', 'McPhelim', '1979-03-23', 42);
insert into mendiants (id_mendiant, nom, prenom, date_de_naissance, id_chambre) values (339, 'Ann', 'Sneller', '1997-01-29', 34);
insert into mendiants (id_mendiant, nom, prenom, date_de_naissance, id_chambre) values (340, 'Reinhard', 'Oppy', '2007-10-16', 19);
insert into mendiants (id_mendiant, nom, prenom, date_de_naissance, id_chambre) values (341, 'Jordon', 'Alliot', '2000-09-28', 83);
insert into mendiants (id_mendiant, nom, prenom, date_de_naissance, id_chambre) values (342, 'Bobbi', 'Dungey', '1997-04-11', 77);
insert into mendiants (id_mendiant, nom, prenom, date_de_naissance, id_chambre) values (343, 'Sharon', 'Bushell', '2005-10-31', 49);
insert into mendiants (id_mendiant, nom, prenom, date_de_naissance, id_chambre) values (344, 'Ambrosi', 'Lope', '2015-04-20', 143);
insert into mendiants (id_mendiant, nom, prenom, date_de_naissance, id_chambre) values (345, 'Margaretta', 'Ryles', '1979-05-15', 101);
insert into mendiants (id_mendiant, nom, prenom, date_de_naissance, id_chambre) values (346, 'Curry', 'Czapla', '1999-04-17', 138);
insert into mendiants (id_mendiant, nom, prenom, date_de_naissance, id_chambre) values (347, 'Carol', 'Willcox', '2019-10-16', 27);
insert into mendiants (id_mendiant, nom, prenom, date_de_naissance, id_chambre) values (348, 'Shepperd', 'Sheddan', '1974-05-25', 96);
insert into mendiants (id_mendiant, nom, prenom, date_de_naissance, id_chambre) values (349, 'Malissia', 'De Bernardi', '1979-12-17', 74);
insert into mendiants (id_mendiant, nom, prenom, date_de_naissance, id_chambre) values (350, 'Halie', 'de Lloyd', '1999-10-21', 28);
insert into mendiants (id_mendiant, nom, prenom, date_de_naissance, id_chambre) values (351, 'Lucie', 'Jaime', '2017-10-10', 106);
insert into mendiants (id_mendiant, nom, prenom, date_de_naissance, id_chambre) values (352, 'Corrine', 'Corde', '2018-05-13', 21);
insert into mendiants (id_mendiant, nom, prenom, date_de_naissance, id_chambre) values (353, 'Arlana', 'Pristnor', '1999-02-04', 107);
insert into mendiants (id_mendiant, nom, prenom, date_de_naissance, id_chambre) values (354, 'Pietra', 'Waby', '1980-11-21', 75);
insert into mendiants (id_mendiant, nom, prenom, date_de_naissance, id_chambre) values (355, 'Keen', 'Jude', '1993-03-18', 115);
insert into mendiants (id_mendiant, nom, prenom, date_de_naissance, id_chambre) values (356, 'Bernie', 'Varah', '1989-06-12', 137);
insert into mendiants (id_mendiant, nom, prenom, date_de_naissance, id_chambre) values (357, 'Averyl', 'Openshaw', '2007-03-07', 26);
insert into mendiants (id_mendiant, nom, prenom, date_de_naissance, id_chambre) values (358, 'Debera', 'Harley', '1971-05-13', 19);
insert into mendiants (id_mendiant, nom, prenom, date_de_naissance, id_chambre) values (359, 'Kayle', 'Jellings', '2013-05-10', 46);
insert into mendiants (id_mendiant, nom, prenom, date_de_naissance, id_chambre) values (360, 'Eberhard', 'Orknay', '1975-08-20', 78);
insert into mendiants (id_mendiant, nom, prenom, date_de_naissance, id_chambre) values (361, 'Barbi', 'Fleote', '1982-04-11', 118);
insert into mendiants (id_mendiant, nom, prenom, date_de_naissance, id_chambre) values (362, 'Phebe', 'Philimore', '1983-06-16', 146);
insert into mendiants (id_mendiant, nom, prenom, date_de_naissance, id_chambre) values (363, 'Dynah', 'Lord', '1973-01-27', 84);
insert into mendiants (id_mendiant, nom, prenom, date_de_naissance, id_chambre) values (364, 'Maxie', 'Kinnerk', '1997-07-27', 67);
insert into mendiants (id_mendiant, nom, prenom, date_de_naissance, id_chambre) values (365, 'Prince', 'Strickler', '2006-04-01', 41);
insert into mendiants (id_mendiant, nom, prenom, date_de_naissance, id_chambre) values (366, 'Ardelia', 'Durrett', '1985-03-13', 97);
insert into mendiants (id_mendiant, nom, prenom, date_de_naissance, id_chambre) values (367, 'Guendolen', 'Gayforth', '1975-03-30', 66);
insert into mendiants (id_mendiant, nom, prenom, date_de_naissance, id_chambre) values (368, 'Madelina', 'Raddon', '2004-12-25', 111);
insert into mendiants (id_mendiant, nom, prenom, date_de_naissance, id_chambre) values (369, 'Xylina', 'O''Scannill', '2006-08-26', 130);
insert into mendiants (id_mendiant, nom, prenom, date_de_naissance, id_chambre) values (370, 'Bastian', 'Athow', '2010-07-14', 114);
insert into mendiants (id_mendiant, nom, prenom, date_de_naissance, id_chambre) values (371, 'Hyman', 'Chippendale', '1992-05-30', 38);
insert into mendiants (id_mendiant, nom, prenom, date_de_naissance, id_chambre) values (372, 'Derek', 'Chark', '1978-05-07', 2);
insert into mendiants (id_mendiant, nom, prenom, date_de_naissance, id_chambre) values (373, 'Brewer', 'Maken', '1991-05-11', 88);
insert into mendiants (id_mendiant, nom, prenom, date_de_naissance, id_chambre) values (374, 'Eleonora', 'Prestwich', '1981-10-11', 49);
insert into mendiants (id_mendiant, nom, prenom, date_de_naissance, id_chambre) values (375, 'Babette', 'Camosso', '1975-11-03', 131);
insert into mendiants (id_mendiant, nom, prenom, date_de_naissance, id_chambre) values (376, 'Nye', 'Cowup', '1992-12-03', 127);
insert into mendiants (id_mendiant, nom, prenom, date_de_naissance, id_chambre) values (377, 'Andres', 'Wyard', '1986-08-02', 66);
insert into mendiants (id_mendiant, nom, prenom, date_de_naissance, id_chambre) values (378, 'Gabriellia', 'Flewitt', '1978-05-05', 101);
insert into mendiants (id_mendiant, nom, prenom, date_de_naissance, id_chambre) values (379, 'Nikola', 'MacFall', '1974-11-13', 146);
insert into mendiants (id_mendiant, nom, prenom, date_de_naissance, id_chambre) values (380, 'Angeline', 'Lythgoe', '2011-09-04', 85);
insert into mendiants (id_mendiant, nom, prenom, date_de_naissance, id_chambre) values (381, 'Frederich', 'Salter', '2021-02-10', 29);
insert into mendiants (id_mendiant, nom, prenom, date_de_naissance, id_chambre) values (382, 'Jocelin', 'Dugmore', '2014-03-05', 112);
insert into mendiants (id_mendiant, nom, prenom, date_de_naissance, id_chambre) values (383, 'Christa', 'Kid_mendiantson', '1972-06-18', 31);
insert into mendiants (id_mendiant, nom, prenom, date_de_naissance, id_chambre) values (384, 'Adam', 'Yerby', '1990-12-30', 120);
insert into mendiants (id_mendiant, nom, prenom, date_de_naissance, id_chambre) values (385, 'Bobette', 'Sommersett', '1980-08-23', 136);
insert into mendiants (id_mendiant, nom, prenom, date_de_naissance, id_chambre) values (386, 'Hamish', 'Seery', '2013-05-07', 8);
insert into mendiants (id_mendiant, nom, prenom, date_de_naissance, id_chambre) values (387, 'Delinda', 'Shernock', '2000-06-13', 83);
insert into mendiants (id_mendiant, nom, prenom, date_de_naissance, id_chambre) values (388, 'Pace', 'Tibald', '2005-03-10', 139);
insert into mendiants (id_mendiant, nom, prenom, date_de_naissance, id_chambre) values (389, 'Jolene', 'Dripp', '1982-02-09', 113);
insert into mendiants (id_mendiant, nom, prenom, date_de_naissance, id_chambre) values (390, 'Mariele', 'De La Coste', '2007-09-07', 26);
insert into mendiants (id_mendiant, nom, prenom, date_de_naissance, id_chambre) values (391, 'Mariska', 'Ewols', '1972-12-24', 92);
insert into mendiants (id_mendiant, nom, prenom, date_de_naissance, id_chambre) values (392, 'Damita', 'Robottham', '1999-01-27', 14);
insert into mendiants (id_mendiant, nom, prenom, date_de_naissance, id_chambre) values (393, 'Jefferey', 'Barnshaw', '1992-08-05', 4);
insert into mendiants (id_mendiant, nom, prenom, date_de_naissance, id_chambre) values (394, 'Shayne', 'Ansell', '1982-06-07', 75);
insert into mendiants (id_mendiant, nom, prenom, date_de_naissance, id_chambre) values (395, 'Suzie', 'Tibalt', '1972-05-15', 44);
insert into mendiants (id_mendiant, nom, prenom, date_de_naissance, id_chambre) values (396, 'Leupold', 'Shama', '2009-11-05', 74);
insert into mendiants (id_mendiant, nom, prenom, date_de_naissance, id_chambre) values (397, 'Clemmie', 'Dickerson', '1972-05-31', 132);
insert into mendiants (id_mendiant, nom, prenom, date_de_naissance, id_chambre) values (398, 'Reiko', 'Bruffell', '1977-09-26', 113);
insert into mendiants (id_mendiant, nom, prenom, date_de_naissance, id_chambre) values (399, 'Stanton', 'Maccrea', '1974-08-20', 126);
insert into mendiants (id_mendiant, nom, prenom, date_de_naissance, id_chambre) values (400, 'Reina', 'Cummine', '1984-01-30', 28);
insert into mendiants (id_mendiant, nom, prenom, date_de_naissance, id_chambre) values (401, 'Farrell', 'Wadelin', '1988-11-13', 19);
insert into mendiants (id_mendiant, nom, prenom, date_de_naissance, id_chambre) values (402, 'Myriam', 'Penritt', '1994-04-26', 57);
insert into mendiants (id_mendiant, nom, prenom, date_de_naissance, id_chambre) values (403, 'Ninnette', 'Glen', '1987-12-07', 95);
insert into mendiants (id_mendiant, nom, prenom, date_de_naissance, id_chambre) values (404, 'Lewes', 'Buyers', '1984-06-04', 99);
insert into mendiants (id_mendiant, nom, prenom, date_de_naissance, id_chambre) values (405, 'Constantine', 'Leborgne', '2020-05-02', 115);
insert into mendiants (id_mendiant, nom, prenom, date_de_naissance, id_chambre) values (406, 'Obid_mendiantiah', 'Beet', '1976-12-06', 64);
insert into mendiants (id_mendiant, nom, prenom, date_de_naissance, id_chambre) values (407, 'Dino', 'O''Rowane', '2003-04-20', 63);
insert into mendiants (id_mendiant, nom, prenom, date_de_naissance, id_chambre) values (408, 'Earlie', 'Lutas', '2016-06-16', 34);
insert into mendiants (id_mendiant, nom, prenom, date_de_naissance, id_chambre) values (409, 'Lucia', 'O''Cahsedy', '1976-06-07', 127);
insert into mendiants (id_mendiant, nom, prenom, date_de_naissance, id_chambre) values (410, 'Errol', 'Glossup', '1980-07-30', 99);
insert into mendiants (id_mendiant, nom, prenom, date_de_naissance, id_chambre) values (411, 'Lisbeth', 'Ions', '2010-08-18', 60);
insert into mendiants (id_mendiant, nom, prenom, date_de_naissance, id_chambre) values (412, 'Marcella', 'Borlease', '2007-12-16', 73);
insert into mendiants (id_mendiant, nom, prenom, date_de_naissance, id_chambre) values (413, 'Erich', 'Lockie', '1989-06-25', 105);
insert into mendiants (id_mendiant, nom, prenom, date_de_naissance, id_chambre) values (414, 'Coletta', 'L''Homme', '1973-05-03', 82);
insert into mendiants (id_mendiant, nom, prenom, date_de_naissance, id_chambre) values (415, 'Quinta', 'Eadmeades', '1993-11-15', 81);
insert into mendiants (id_mendiant, nom, prenom, date_de_naissance, id_chambre) values (416, 'Barton', 'Heath', '1982-04-12', 24);
insert into mendiants (id_mendiant, nom, prenom, date_de_naissance, id_chambre) values (417, 'Luciano', 'Messier', '1993-06-09', 21);
insert into mendiants (id_mendiant, nom, prenom, date_de_naissance, id_chambre) values (418, 'Suzie', 'Dahlberg', '1983-06-17', 105);
insert into mendiants (id_mendiant, nom, prenom, date_de_naissance, id_chambre) values (419, 'Xenos', 'Sottell', '1984-12-15', 136);
insert into mendiants (id_mendiant, nom, prenom, date_de_naissance, id_chambre) values (420, 'Leeland', 'Betancourt', '2004-10-19', 45);
insert into mendiants (id_mendiant, nom, prenom, date_de_naissance, id_chambre) values (421, 'Ruddie', 'Paylie', '1973-12-07', 61);
insert into mendiants (id_mendiant, nom, prenom, date_de_naissance, id_chambre) values (422, 'Corey', 'Maxted', '2012-08-26', 31);
insert into mendiants (id_mendiant, nom, prenom, date_de_naissance, id_chambre) values (423, 'Dillon', 'Bid_mendiantdell', '2005-12-02', 136);
insert into mendiants (id_mendiant, nom, prenom, date_de_naissance, id_chambre) values (424, 'Karalee', 'Barwis', '2020-04-15', 95);
insert into mendiants (id_mendiant, nom, prenom, date_de_naissance, id_chambre) values (425, 'Bonni', 'Gelland', '1974-11-14', 56);
insert into mendiants (id_mendiant, nom, prenom, date_de_naissance, id_chambre) values (426, 'Bernie', 'Gudge', '2000-06-23', 37);
insert into mendiants (id_mendiant, nom, prenom, date_de_naissance, id_chambre) values (427, 'Krispin', 'Andrieu', '2017-04-01', 121);
insert into mendiants (id_mendiant, nom, prenom, date_de_naissance, id_chambre) values (428, 'Rosalinde', 'Ping', '1993-12-31', 55);
insert into mendiants (id_mendiant, nom, prenom, date_de_naissance, id_chambre) values (429, 'Sax', 'Dilston', '2008-12-28', 79);
insert into mendiants (id_mendiant, nom, prenom, date_de_naissance, id_chambre) values (430, 'Harp', 'Catterell', '2010-09-21', 66);
insert into mendiants (id_mendiant, nom, prenom, date_de_naissance, id_chambre) values (431, 'Latrina', 'Springtorpe', '1974-09-11', 6);
insert into mendiants (id_mendiant, nom, prenom, date_de_naissance, id_chambre) values (432, 'Boyce', 'Tytherton', '2011-02-07', 40);
insert into mendiants (id_mendiant, nom, prenom, date_de_naissance, id_chambre) values (433, 'Moyna', 'Jedrzejewski', '1993-01-25', 45);
insert into mendiants (id_mendiant, nom, prenom, date_de_naissance, id_chambre) values (434, 'Arturo', 'Grayer', '2012-03-04', 52);
insert into mendiants (id_mendiant, nom, prenom, date_de_naissance, id_chambre) values (435, 'Thacher', 'Showler', '1986-12-15', 24);
insert into mendiants (id_mendiant, nom, prenom, date_de_naissance, id_chambre) values (436, 'Zared', 'Davioud', '2004-06-30', 106);
insert into mendiants (id_mendiant, nom, prenom, date_de_naissance, id_chambre) values (437, 'Morgan', 'Wackley', '1975-01-23', 78);
insert into mendiants (id_mendiant, nom, prenom, date_de_naissance, id_chambre) values (438, 'Rooney', 'Rheam', '1980-06-24', 88);
insert into mendiants (id_mendiant, nom, prenom, date_de_naissance, id_chambre) values (439, 'Cordelia', 'Plewman', '2021-01-05', 65);
insert into mendiants (id_mendiant, nom, prenom, date_de_naissance, id_chambre) values (440, 'Gertrude', 'Petchey', '2012-12-13', 59);
insert into mendiants (id_mendiant, nom, prenom, date_de_naissance, id_chambre) values (441, 'Curr', 'Splevings', '1973-10-31', 63);
insert into mendiants (id_mendiant, nom, prenom, date_de_naissance, id_chambre) values (442, 'Merna', 'Hannaford', '1991-03-04', 39);
insert into mendiants (id_mendiant, nom, prenom, date_de_naissance, id_chambre) values (443, 'Kev', 'Mcmanaman', '2014-02-10', 43);
insert into mendiants (id_mendiant, nom, prenom, date_de_naissance, id_chambre) values (444, 'Paxton', 'Benstead', '1987-03-24', 32);
insert into mendiants (id_mendiant, nom, prenom, date_de_naissance, id_chambre) values (445, 'Karisa', 'Topp', '1982-05-17', 94);
insert into mendiants (id_mendiant, nom, prenom, date_de_naissance, id_chambre) values (446, 'Ozzy', 'Ferrid_mendiantay', '2004-09-27', 141);
insert into mendiants (id_mendiant, nom, prenom, date_de_naissance, id_chambre) values (447, 'Harwilll', 'De Andreis', '1970-08-16', 41);
insert into mendiants (id_mendiant, nom, prenom, date_de_naissance, id_chambre) values (448, 'Olive', 'Wadesworth', '2011-10-02', 116);
insert into mendiants (id_mendiant, nom, prenom, date_de_naissance, id_chambre) values (449, 'Mozelle', 'Stanfield', '1986-10-14', 59);
insert into mendiants (id_mendiant, nom, prenom, date_de_naissance, id_chambre) values (450, 'Karita', 'Grayling', '1999-10-09', 133);
insert into mendiants (id_mendiant, nom, prenom, date_de_naissance, id_chambre) values (451, 'Haley', 'Bubeer', '1974-03-15', 57);
insert into mendiants (id_mendiant, nom, prenom, date_de_naissance, id_chambre) values (452, 'Candi', 'Geraldini', '1987-11-04', 4);
insert into mendiants (id_mendiant, nom, prenom, date_de_naissance, id_chambre) values (453, 'Burtie', 'Pollie', '2010-09-02', 104);
insert into mendiants (id_mendiant, nom, prenom, date_de_naissance, id_chambre) values (454, 'Nealson', 'Antowski', '1991-01-30', 134);
insert into mendiants (id_mendiant, nom, prenom, date_de_naissance, id_chambre) values (455, 'Kaitlin', 'Paulillo', '1999-01-16', 114);
insert into mendiants (id_mendiant, nom, prenom, date_de_naissance, id_chambre) values (456, 'Yehudit', 'Falck', '2008-08-09', 136);
insert into mendiants (id_mendiant, nom, prenom, date_de_naissance, id_chambre) values (457, 'Aubine', 'Bowry', '2009-08-18', 28);
insert into mendiants (id_mendiant, nom, prenom, date_de_naissance, id_chambre) values (458, 'Lorita', 'Seagood', '1999-05-04', 31);
insert into mendiants (id_mendiant, nom, prenom, date_de_naissance, id_chambre) values (459, 'Urbano', 'Sellwood', '1983-01-18', 81);
insert into mendiants (id_mendiant, nom, prenom, date_de_naissance, id_chambre) values (460, 'Valina', 'Bohlsen', '2009-04-19', 36);
insert into mendiants (id_mendiant, nom, prenom, date_de_naissance, id_chambre) values (461, 'Malchy', 'Barzen', '2000-01-30', 67);
insert into mendiants (id_mendiant, nom, prenom, date_de_naissance, id_chambre) values (462, 'Currey', 'Bardill', '1976-04-16', 8);
insert into mendiants (id_mendiant, nom, prenom, date_de_naissance, id_chambre) values (463, 'Rania', 'Perrelli', '1994-09-06', 110);
insert into mendiants (id_mendiant, nom, prenom, date_de_naissance, id_chambre) values (464, 'Daphne', 'Corsham', '1970-10-05', 28);
insert into mendiants (id_mendiant, nom, prenom, date_de_naissance, id_chambre) values (465, 'Alvera', 'Scarffe', '1987-05-02', 47);
insert into mendiants (id_mendiant, nom, prenom, date_de_naissance, id_chambre) values (466, 'Erick', 'Petyt', '2009-05-04', 61);
insert into mendiants (id_mendiant, nom, prenom, date_de_naissance, id_chambre) values (467, 'Julie', 'De Beauchemp', '2010-05-24', 48);
insert into mendiants (id_mendiant, nom, prenom, date_de_naissance, id_chambre) values (468, 'Lorianne', 'Sneezem', '2021-11-11', 118);
insert into mendiants (id_mendiant, nom, prenom, date_de_naissance, id_chambre) values (469, 'Arline', 'Martynikhin', '1995-10-08', 93);
insert into mendiants (id_mendiant, nom, prenom, date_de_naissance, id_chambre) values (470, 'Siffre', 'Furst', '1984-03-22', 117);
insert into mendiants (id_mendiant, nom, prenom, date_de_naissance, id_chambre) values (471, 'Saundra', 'Gatchell', '1992-06-02', 23);
insert into mendiants (id_mendiant, nom, prenom, date_de_naissance, id_chambre) values (472, 'Mandi', 'Koppen', '2013-09-30', 99);
insert into mendiants (id_mendiant, nom, prenom, date_de_naissance, id_chambre) values (473, 'Marlee', 'Ponter', '2016-03-24', 144);
insert into mendiants (id_mendiant, nom, prenom, date_de_naissance, id_chambre) values (474, 'Beverie', 'Paling', '2012-05-19', 16);
insert into mendiants (id_mendiant, nom, prenom, date_de_naissance, id_chambre) values (475, 'Hazlett', 'Fance', '2000-07-27', 23);
insert into mendiants (id_mendiant, nom, prenom, date_de_naissance, id_chambre) values (476, 'Joelie', 'Greatbanks', '2009-11-05', 28);
insert into mendiants (id_mendiant, nom, prenom, date_de_naissance, id_chambre) values (477, 'Neila', 'Sobtka', '2014-04-27', 79);
insert into mendiants (id_mendiant, nom, prenom, date_de_naissance, id_chambre) values (478, 'Ewart', 'Alders', '1989-04-15', 3);
insert into mendiants (id_mendiant, nom, prenom, date_de_naissance, id_chambre) values (479, 'Morganica', 'Broughton', '2004-03-17', 45);
insert into mendiants (id_mendiant, nom, prenom, date_de_naissance, id_chambre) values (480, 'Torr', 'Gandley', '1995-04-14', 124);
insert into mendiants (id_mendiant, nom, prenom, date_de_naissance, id_chambre) values (481, 'Cassondra', 'Matzen', '2016-07-03', 5);
insert into mendiants (id_mendiant, nom, prenom, date_de_naissance, id_chambre) values (482, 'Allie', 'Stove', '2008-09-01', 63);
insert into mendiants (id_mendiant, nom, prenom, date_de_naissance, id_chambre) values (483, 'Allayne', 'Eborn', '1991-03-07', 41);
insert into mendiants (id_mendiant, nom, prenom, date_de_naissance, id_chambre) values (484, 'Jaime', 'Tuke', '1998-08-13', 6);
insert into mendiants (id_mendiant, nom, prenom, date_de_naissance, id_chambre) values (485, 'Reid_mendiant', 'Anfosso', '2020-11-29', 11);
insert into mendiants (id_mendiant, nom, prenom, date_de_naissance, id_chambre) values (486, 'Loni', 'Pearch', '1998-09-19', 86);
insert into mendiants (id_mendiant, nom, prenom, date_de_naissance, id_chambre) values (487, 'Alessandra', 'Kennefick', '2007-01-30', 43);
insert into mendiants (id_mendiant, nom, prenom, date_de_naissance, id_chambre) values (488, 'Suki', 'Incogna', '1972-07-14', 105);
insert into mendiants (id_mendiant, nom, prenom, date_de_naissance, id_chambre) values (489, 'Jorge', 'Eynald', '1999-01-22', 69);
insert into mendiants (id_mendiant, nom, prenom, date_de_naissance, id_chambre) values (490, 'Junie', 'Gumby', '2007-03-04', 59);
insert into mendiants (id_mendiant, nom, prenom, date_de_naissance, id_chambre) values (491, 'Bat', 'Mattedi', '2000-08-08', 97);
insert into mendiants (id_mendiant, nom, prenom, date_de_naissance, id_chambre) values (492, 'Norry', 'Hallgath', '2011-09-20', 4);
insert into mendiants (id_mendiant, nom, prenom, date_de_naissance, id_chambre) values (493, 'Quintilla', 'Broxup', '1976-06-08', 56);
insert into mendiants (id_mendiant, nom, prenom, date_de_naissance, id_chambre) values (494, 'Ali', 'Gannaway', '2019-09-09', 21);
insert into mendiants (id_mendiant, nom, prenom, date_de_naissance, id_chambre) values (495, 'Ulla', 'Burchmore', '2018-06-01', 26);
insert into mendiants (id_mendiant, nom, prenom, date_de_naissance, id_chambre) values (496, 'Lenna', 'Leathe', '2020-06-10', 68);
insert into mendiants (id_mendiant, nom, prenom, date_de_naissance, id_chambre) values (497, 'Titos', 'Heinrich', '2016-11-11', 35);
insert into mendiants (id_mendiant, nom, prenom, date_de_naissance, id_chambre) values (498, 'Nonah', 'Gyorffy', '1978-02-01', 37);
insert into mendiants (id_mendiant, nom, prenom, date_de_naissance, id_chambre) values (499, 'Bab', 'Yorath', '1985-12-01', 131);
insert into mendiants (id_mendiant, nom, prenom, date_de_naissance, id_chambre) values (500, 'Tonie', 'Lascell', '2010-10-10', 60);
insert into mendiants (id_mendiant, nom, prenom, date_de_naissance, id_chambre) values (501, 'Lizzy', 'Quarrell', '1982-08-04', 8);
insert into mendiants (id_mendiant, nom, prenom, date_de_naissance, id_chambre) values (502, 'Christi', 'Lukas', '2010-07-20', 17);
insert into mendiants (id_mendiant, nom, prenom, date_de_naissance, id_chambre) values (503, 'Karry', 'Lettice', '1972-11-10', 125);
insert into mendiants (id_mendiant, nom, prenom, date_de_naissance, id_chambre) values (504, 'Richard', 'Temby', '1997-06-17', 17);
insert into mendiants (id_mendiant, nom, prenom, date_de_naissance, id_chambre) values (505, 'Karlen', 'Pache', '1982-01-24', 77);
insert into mendiants (id_mendiant, nom, prenom, date_de_naissance, id_chambre) values (506, 'Inessa', 'Comellini', '2012-04-16', 73);
insert into mendiants (id_mendiant, nom, prenom, date_de_naissance, id_chambre) values (507, 'Theresina', 'Tomenson', '1982-10-04', 3);
insert into mendiants (id_mendiant, nom, prenom, date_de_naissance, id_chambre) values (508, 'Tonia', 'Heinzler', '1983-06-26', 78);
insert into mendiants (id_mendiant, nom, prenom, date_de_naissance, id_chambre) values (509, 'Killy', 'Skellen', '1992-04-23', 26);
insert into mendiants (id_mendiant, nom, prenom, date_de_naissance, id_chambre) values (510, 'Ashby', 'Peeter', '1978-10-25', 26);
insert into mendiants (id_mendiant, nom, prenom, date_de_naissance, id_chambre) values (511, 'Claudetta', 'MacSporran', '2013-12-15', 29);
insert into mendiants (id_mendiant, nom, prenom, date_de_naissance, id_chambre) values (512, 'Gussie', 'Strugnell', '2020-03-28', 69);
insert into mendiants (id_mendiant, nom, prenom, date_de_naissance, id_chambre) values (513, 'Linnea', 'Grantham', '1975-11-22', 130);
insert into mendiants (id_mendiant, nom, prenom, date_de_naissance, id_chambre) values (514, 'Pietra', 'Fowlestone', '1996-03-15', 89);
insert into mendiants (id_mendiant, nom, prenom, date_de_naissance, id_chambre) values (515, 'Evania', 'Revell', '1989-03-31', 3);
insert into mendiants (id_mendiant, nom, prenom, date_de_naissance, id_chambre) values (516, 'Linzy', 'Feek', '1992-12-16', 64);
insert into mendiants (id_mendiant, nom, prenom, date_de_naissance, id_chambre) values (517, 'Willie', 'Younge', '1978-07-24', 104);
insert into mendiants (id_mendiant, nom, prenom, date_de_naissance, id_chambre) values (518, 'Benita', 'Iacivelli', '2000-03-04', 59);
insert into mendiants (id_mendiant, nom, prenom, date_de_naissance, id_chambre) values (519, 'Bobbye', 'Latch', '1977-12-21', 5);
insert into mendiants (id_mendiant, nom, prenom, date_de_naissance, id_chambre) values (520, 'Iolande', 'Lezemere', '1998-02-24', 78);
insert into mendiants (id_mendiant, nom, prenom, date_de_naissance, id_chambre) values (521, 'Hildy', 'Checketts', '2020-01-22', 27);
insert into mendiants (id_mendiant, nom, prenom, date_de_naissance, id_chambre) values (522, 'Anita', 'Trew', '2016-07-25', 27);
insert into mendiants (id_mendiant, nom, prenom, date_de_naissance, id_chambre) values (523, 'Leonie', 'Leadbetter', '1987-04-09', 129);
insert into mendiants (id_mendiant, nom, prenom, date_de_naissance, id_chambre) values (524, 'Enrica', 'Schindler', '2005-01-09', 23);
insert into mendiants (id_mendiant, nom, prenom, date_de_naissance, id_chambre) values (525, 'Catherin', 'Rosenblath', '2016-02-18', 81);
insert into mendiants (id_mendiant, nom, prenom, date_de_naissance, id_chambre) values (526, 'Terese', 'Leel', '2013-03-11', 113);
insert into mendiants (id_mendiant, nom, prenom, date_de_naissance, id_chambre) values (527, 'Eustace', 'Joincey', '2007-07-27', 1);
insert into mendiants (id_mendiant, nom, prenom, date_de_naissance, id_chambre) values (528, 'Jenda', 'Donan', '1992-03-21', 38);
insert into mendiants (id_mendiant, nom, prenom, date_de_naissance, id_chambre) values (529, 'Randal', 'Grattage', '1982-04-12', 83);
insert into mendiants (id_mendiant, nom, prenom, date_de_naissance, id_chambre) values (530, 'Emmalee', 'Maybery', '1972-06-09', 24);
insert into mendiants (id_mendiant, nom, prenom, date_de_naissance, id_chambre) values (531, 'Gard', 'Custed', '1990-07-04', 80);
insert into mendiants (id_mendiant, nom, prenom, date_de_naissance, id_chambre) values (532, 'Paulie', 'Gaggen', '2001-08-29', 75);
insert into mendiants (id_mendiant, nom, prenom, date_de_naissance, id_chambre) values (533, 'Porty', 'Rumin', '2009-10-10', 38);
insert into mendiants (id_mendiant, nom, prenom, date_de_naissance, id_chambre) values (534, 'Margot', 'Hardbattle', '2020-01-31', 23);
insert into mendiants (id_mendiant, nom, prenom, date_de_naissance, id_chambre) values (535, 'Chad', 'Este', '2002-07-05', 1);
insert into mendiants (id_mendiant, nom, prenom, date_de_naissance, id_chambre) values (536, 'Jsandye', 'Riley', '1983-07-18', 143);
insert into mendiants (id_mendiant, nom, prenom, date_de_naissance, id_chambre) values (537, 'Jeana', 'Brewer', '1970-07-22', 34);
insert into mendiants (id_mendiant, nom, prenom, date_de_naissance, id_chambre) values (538, 'Murdock', 'Berrid_mendiantge', '2022-04-10', 17);
insert into mendiants (id_mendiant, nom, prenom, date_de_naissance, id_chambre) values (539, 'Lauraine', 'Charnock', '1981-04-11', 59);
insert into mendiants (id_mendiant, nom, prenom, date_de_naissance, id_chambre) values (540, 'Fayette', 'Quenby', '1994-12-21', 139);
insert into mendiants (id_mendiant, nom, prenom, date_de_naissance, id_chambre) values (541, 'Morgan', 'Walak', '1982-06-21', 88);
insert into mendiants (id_mendiant, nom, prenom, date_de_naissance, id_chambre) values (542, 'Gabbey', 'Lockley', '1977-12-25', 139);
insert into mendiants (id_mendiant, nom, prenom, date_de_naissance, id_chambre) values (543, 'Celestia', 'Hachard', '2007-06-05', 113);
insert into mendiants (id_mendiant, nom, prenom, date_de_naissance, id_chambre) values (544, 'Claribel', 'East', '2003-08-11', 9);
insert into mendiants (id_mendiant, nom, prenom, date_de_naissance, id_chambre) values (545, 'Hobart', 'Murden', '1989-05-05', 77);
insert into mendiants (id_mendiant, nom, prenom, date_de_naissance, id_chambre) values (546, 'Barty', 'Denyukin', '1999-01-28', 150);
insert into mendiants (id_mendiant, nom, prenom, date_de_naissance, id_chambre) values (547, 'Myrwyn', 'Dugget', '2001-06-16', 147);
insert into mendiants (id_mendiant, nom, prenom, date_de_naissance, id_chambre) values (548, 'Shoshana', 'Adamid_mendiantes', '1982-10-05', 60);
insert into mendiants (id_mendiant, nom, prenom, date_de_naissance, id_chambre) values (549, 'Laurie', 'Blakeley', '1970-07-03', 102);
insert into mendiants (id_mendiant, nom, prenom, date_de_naissance, id_chambre) values (550, 'Carol', 'MacComiskey', '1997-07-08', 53);
insert into mendiants (id_mendiant, nom, prenom, date_de_naissance, id_chambre) values (551, 'Luigi', 'O''Carney', '2009-03-21', 22);
insert into mendiants (id_mendiant, nom, prenom, date_de_naissance, id_chambre) values (552, 'Suzy', 'Iskowicz', '1999-04-06', 27);
insert into mendiants (id_mendiant, nom, prenom, date_de_naissance, id_chambre) values (553, 'Carree', 'Walklate', '2018-01-20', 64);
insert into mendiants (id_mendiant, nom, prenom, date_de_naissance, id_chambre) values (554, 'Danit', 'Pilgram', '1984-03-04', 120);
insert into mendiants (id_mendiant, nom, prenom, date_de_naissance, id_chambre) values (555, 'Mariska', 'Cornes', '1990-05-09', 98);
insert into mendiants (id_mendiant, nom, prenom, date_de_naissance, id_chambre) values (556, 'Abrahan', 'Keiling', '1985-12-22', 87);
insert into mendiants (id_mendiant, nom, prenom, date_de_naissance, id_chambre) values (557, 'Eal', 'Berndsen', '1983-04-01', 138);
insert into mendiants (id_mendiant, nom, prenom, date_de_naissance, id_chambre) values (558, 'Laureen', 'Seacroft', '2005-04-12', 124);
insert into mendiants (id_mendiant, nom, prenom, date_de_naissance, id_chambre) values (559, 'Marion', 'Wilmington', '1981-06-26', 35);
insert into mendiants (id_mendiant, nom, prenom, date_de_naissance, id_chambre) values (560, 'Christi', 'Lambertazzi', '1983-09-30', 51);
insert into mendiants (id_mendiant, nom, prenom, date_de_naissance, id_chambre) values (561, 'Jeana', 'Sword', '1990-05-12', 51);
insert into mendiants (id_mendiant, nom, prenom, date_de_naissance, id_chambre) values (562, 'Vikky', 'Brayford', '2018-10-08', 38);
insert into mendiants (id_mendiant, nom, prenom, date_de_naissance, id_chambre) values (563, 'Katlin', 'Toms', '2013-08-25', 4);
insert into mendiants (id_mendiant, nom, prenom, date_de_naissance, id_chambre) values (564, 'Helga', 'Houseley', '1994-06-24', 13);
insert into mendiants (id_mendiant, nom, prenom, date_de_naissance, id_chambre) values (565, 'Tabb', 'Ianinotti', '2002-03-14', 25);
insert into mendiants (id_mendiant, nom, prenom, date_de_naissance, id_chambre) values (566, 'Kimmi', 'Cottham', '2001-09-04', 29);
insert into mendiants (id_mendiant, nom, prenom, date_de_naissance, id_chambre) values (567, 'Neil', 'MacVean', '2019-08-26', 131);
insert into mendiants (id_mendiant, nom, prenom, date_de_naissance, id_chambre) values (568, 'Neddy', 'Tague', '2019-12-15', 60);
insert into mendiants (id_mendiant, nom, prenom, date_de_naissance, id_chambre) values (569, 'Cal', 'Triggle', '2010-06-02', 14);
insert into mendiants (id_mendiant, nom, prenom, date_de_naissance, id_chambre) values (570, 'Bastian', 'Gaber', '1989-10-20', 89);
insert into mendiants (id_mendiant, nom, prenom, date_de_naissance, id_chambre) values (571, 'Bessy', 'Leveritt', '2017-06-20', 137);
insert into mendiants (id_mendiant, nom, prenom, date_de_naissance, id_chambre) values (572, 'Klement', 'Jowitt', '2014-08-28', 110);
insert into mendiants (id_mendiant, nom, prenom, date_de_naissance, id_chambre) values (573, 'Waring', 'Paramore', '2015-01-29', 150);
insert into mendiants (id_mendiant, nom, prenom, date_de_naissance, id_chambre) values (574, 'Tessi', 'Bruggen', '2016-05-21', 116);
insert into mendiants (id_mendiant, nom, prenom, date_de_naissance, id_chambre) values (575, 'Tiffi', 'Tamas', '1978-04-16', 98);
insert into mendiants (id_mendiant, nom, prenom, date_de_naissance, id_chambre) values (576, 'Farrah', 'Grabban', '1972-06-04', 106);
insert into mendiants (id_mendiant, nom, prenom, date_de_naissance, id_chambre) values (577, 'Malissa', 'Jamary', '1999-10-24', 113);
insert into mendiants (id_mendiant, nom, prenom, date_de_naissance, id_chambre) values (578, 'Ronica', 'Wrey', '1975-01-02', 126);
insert into mendiants (id_mendiant, nom, prenom, date_de_naissance, id_chambre) values (579, 'Elwood', 'Prantl', '1996-08-02', 14);
insert into mendiants (id_mendiant, nom, prenom, date_de_naissance, id_chambre) values (580, 'Alexi', 'Ellaway', '2003-03-17', 137);
insert into mendiants (id_mendiant, nom, prenom, date_de_naissance, id_chambre) values (581, 'Dorian', 'Antoniat', '2010-03-09', 58);
insert into mendiants (id_mendiant, nom, prenom, date_de_naissance, id_chambre) values (582, 'Ford', 'Chipchase', '2010-12-14', 139);
insert into mendiants (id_mendiant, nom, prenom, date_de_naissance, id_chambre) values (583, 'Filippa', 'Heddan', '1984-12-13', 72);
insert into mendiants (id_mendiant, nom, prenom, date_de_naissance, id_chambre) values (584, 'Noami', 'Cayle', '1978-07-16', 43);
insert into mendiants (id_mendiant, nom, prenom, date_de_naissance, id_chambre) values (585, 'Ferne', 'Beasley', '2017-03-02', 73);
insert into mendiants (id_mendiant, nom, prenom, date_de_naissance, id_chambre) values (586, 'Mel', 'Lamyman', '2012-08-06', 1);
insert into mendiants (id_mendiant, nom, prenom, date_de_naissance, id_chambre) values (587, 'Nolie', 'Trowl', '1973-07-30', 104);
insert into mendiants (id_mendiant, nom, prenom, date_de_naissance, id_chambre) values (588, 'Gib', 'Beinisch', '2012-12-08', 99);
insert into mendiants (id_mendiant, nom, prenom, date_de_naissance, id_chambre) values (589, 'Vale', 'Boow', '1973-11-11', 16);
insert into mendiants (id_mendiant, nom, prenom, date_de_naissance, id_chambre) values (590, 'Sher', 'Mougin', '1981-02-20', 126);
insert into mendiants (id_mendiant, nom, prenom, date_de_naissance, id_chambre) values (591, 'Catharine', 'Millions', '2012-02-01', 3);
insert into mendiants (id_mendiant, nom, prenom, date_de_naissance, id_chambre) values (592, 'Tessi', 'Polin', '1985-12-26', 122);
insert into mendiants (id_mendiant, nom, prenom, date_de_naissance, id_chambre) values (593, 'Case', 'Selland', '2012-03-24', 33);
insert into mendiants (id_mendiant, nom, prenom, date_de_naissance, id_chambre) values (594, 'Armando', 'Riccio', '2015-06-04', 104);
insert into mendiants (id_mendiant, nom, prenom, date_de_naissance, id_chambre) values (595, 'Gerianne', 'Howick', '2019-05-04', 129);
insert into mendiants (id_mendiant, nom, prenom, date_de_naissance, id_chambre) values (596, 'Cam', 'Neve', '1990-07-10', 16);
insert into mendiants (id_mendiant, nom, prenom, date_de_naissance, id_chambre) values (597, 'Charmane', 'Barnwall', '2002-01-30', 129);
insert into mendiants (id_mendiant, nom, prenom, date_de_naissance, id_chambre) values (598, 'Petronia', 'Littlewood', '2010-09-07', 125);
insert into mendiants (id_mendiant, nom, prenom, date_de_naissance, id_chambre) values (599, 'Cornelia', 'Mechic', '1991-09-27', 118);
insert into mendiants (id_mendiant, nom, prenom, date_de_naissance, id_chambre) values (600, 'Dew', 'Jaimez', '1992-08-17', 138);
insert into mendiants (id_mendiant, nom, prenom, date_de_naissance, id_chambre) values (601, 'Susy', 'Pfleger', '1971-06-07', 31);
insert into mendiants (id_mendiant, nom, prenom, date_de_naissance, id_chambre) values (602, 'Loise', 'Comiskey', '1972-01-10', 82);
insert into mendiants (id_mendiant, nom, prenom, date_de_naissance, id_chambre) values (603, 'Bradford', 'Falcus', '2016-04-15', 105);
insert into mendiants (id_mendiant, nom, prenom, date_de_naissance, id_chambre) values (604, 'Carlie', 'Leinthall', '1989-07-10', 41);
insert into mendiants (id_mendiant, nom, prenom, date_de_naissance, id_chambre) values (605, 'Milissent', 'Lampet', '2017-01-15', 74);
insert into mendiants (id_mendiant, nom, prenom, date_de_naissance, id_chambre) values (606, 'Kenon', 'Goodbairn', '1977-03-26', 131);
insert into mendiants (id_mendiant, nom, prenom, date_de_naissance, id_chambre) values (607, 'Clari', 'Pettifer', '2019-04-06', 93);
insert into mendiants (id_mendiant, nom, prenom, date_de_naissance, id_chambre) values (608, 'Krista', 'Aneley', '1992-02-06', 97);
insert into mendiants (id_mendiant, nom, prenom, date_de_naissance, id_chambre) values (609, 'Ranee', 'Lassell', '2001-11-23', 123);
insert into mendiants (id_mendiant, nom, prenom, date_de_naissance, id_chambre) values (610, 'Bradney', 'Aberkirder', '1999-05-24', 4);
insert into mendiants (id_mendiant, nom, prenom, date_de_naissance, id_chambre) values (611, 'Alain', 'Pietzke', '2009-05-10', 106);
insert into mendiants (id_mendiant, nom, prenom, date_de_naissance, id_chambre) values (612, 'Emlyn', 'Armell', '1977-09-15', 43);
insert into mendiants (id_mendiant, nom, prenom, date_de_naissance, id_chambre) values (613, 'Aryn', 'Massimo', '1992-01-03', 24);
insert into mendiants (id_mendiant, nom, prenom, date_de_naissance, id_chambre) values (614, 'Delly', 'Standrin', '2011-06-24', 141);
insert into mendiants (id_mendiant, nom, prenom, date_de_naissance, id_chambre) values (615, 'Tome', 'Renoden', '1991-01-12', 32);
insert into mendiants (id_mendiant, nom, prenom, date_de_naissance, id_chambre) values (616, 'Carol', 'Sammut', '1971-05-16', 125);
insert into mendiants (id_mendiant, nom, prenom, date_de_naissance, id_chambre) values (617, 'Boigie', 'Franca', '1996-10-12', 21);
insert into mendiants (id_mendiant, nom, prenom, date_de_naissance, id_chambre) values (618, 'Burton', 'Hawkwood', '1973-12-24', 29);
insert into mendiants (id_mendiant, nom, prenom, date_de_naissance, id_chambre) values (619, 'Angelina', 'Risbie', '2014-09-09', 94);
insert into mendiants (id_mendiant, nom, prenom, date_de_naissance, id_chambre) values (620, 'Arlinda', 'Mac Geaney', '1974-02-04', 20);
insert into mendiants (id_mendiant, nom, prenom, date_de_naissance, id_chambre) values (621, 'Silvia', 'Ehlerding', '2006-02-21', 133);
insert into mendiants (id_mendiant, nom, prenom, date_de_naissance, id_chambre) values (622, 'Karie', 'Romeril', '1991-04-11', 50);
insert into mendiants (id_mendiant, nom, prenom, date_de_naissance, id_chambre) values (623, 'Andrej', 'Blewett', '1992-11-07', 122);
insert into mendiants (id_mendiant, nom, prenom, date_de_naissance, id_chambre) values (624, 'Boy', 'Sendley', '1994-06-14', 69);
insert into mendiants (id_mendiant, nom, prenom, date_de_naissance, id_chambre) values (625, 'Ora', 'Lamb', '1987-05-17', 136);
insert into mendiants (id_mendiant, nom, prenom, date_de_naissance, id_chambre) values (626, 'Law', 'Habbert', '1991-09-07', 104);
insert into mendiants (id_mendiant, nom, prenom, date_de_naissance, id_chambre) values (627, 'Trever', 'Matten', '1973-01-25', 112);
insert into mendiants (id_mendiant, nom, prenom, date_de_naissance, id_chambre) values (628, 'Carilyn', 'Sabbin', '2004-02-02', 97);
insert into mendiants (id_mendiant, nom, prenom, date_de_naissance, id_chambre) values (629, 'Reggi', 'Rains', '1977-01-18', 60);
insert into mendiants (id_mendiant, nom, prenom, date_de_naissance, id_chambre) values (630, 'Zackariah', 'Koop', '2005-04-16', 11);
insert into mendiants (id_mendiant, nom, prenom, date_de_naissance, id_chambre) values (631, 'Timothea', 'Jopson', '2016-01-22', 117);
insert into mendiants (id_mendiant, nom, prenom, date_de_naissance, id_chambre) values (632, 'Dolph', 'Simonou', '1976-09-07', 45);
insert into mendiants (id_mendiant, nom, prenom, date_de_naissance, id_chambre) values (633, 'Neala', 'Oggers', '1970-10-08', 120);
insert into mendiants (id_mendiant, nom, prenom, date_de_naissance, id_chambre) values (634, 'Olivie', 'Stilwell', '1994-08-18', 117);
insert into mendiants (id_mendiant, nom, prenom, date_de_naissance, id_chambre) values (635, 'Tommie', 'Mackie', '2001-10-10', 149);
insert into mendiants (id_mendiant, nom, prenom, date_de_naissance, id_chambre) values (636, 'Orly', 'Cleverley', '2013-08-13', 33);
insert into mendiants (id_mendiant, nom, prenom, date_de_naissance, id_chambre) values (637, 'Geri', 'Gomez', '2004-11-15', 70);
insert into mendiants (id_mendiant, nom, prenom, date_de_naissance, id_chambre) values (638, 'Gardiner', 'Blincow', '1988-09-25', 46);
insert into mendiants (id_mendiant, nom, prenom, date_de_naissance, id_chambre) values (639, 'Deloria', 'Malam', '2003-01-10', 14);
insert into mendiants (id_mendiant, nom, prenom, date_de_naissance, id_chambre) values (640, 'Selby', 'Heaffey', '2004-10-06', 100);
insert into mendiants (id_mendiant, nom, prenom, date_de_naissance, id_chambre) values (641, 'Lorraine', 'Wennam', '2013-01-10', 16);
insert into mendiants (id_mendiant, nom, prenom, date_de_naissance, id_chambre) values (642, 'Clemens', 'Belvin', '1989-01-05', 13);
insert into mendiants (id_mendiant, nom, prenom, date_de_naissance, id_chambre) values (643, 'Tonya', 'Barstock', '1989-08-11', 31);
insert into mendiants (id_mendiant, nom, prenom, date_de_naissance, id_chambre) values (644, 'Aeriell', 'Cumming', '1980-08-26', 57);
insert into mendiants (id_mendiant, nom, prenom, date_de_naissance, id_chambre) values (645, 'Fred', 'Prozescky', '1986-08-22', 26);
insert into mendiants (id_mendiant, nom, prenom, date_de_naissance, id_chambre) values (646, 'Romy', 'Liccardi', '1989-11-02', 96);
insert into mendiants (id_mendiant, nom, prenom, date_de_naissance, id_chambre) values (647, 'Enrica', 'Morewood', '2016-01-16', 40);
insert into mendiants (id_mendiant, nom, prenom, date_de_naissance, id_chambre) values (648, 'Frances', 'Whitefoot', '2000-04-11', 47);
insert into mendiants (id_mendiant, nom, prenom, date_de_naissance, id_chambre) values (649, 'Patty', 'Bardsley', '1981-08-08', 141);
insert into mendiants (id_mendiant, nom, prenom, date_de_naissance, id_chambre) values (650, 'Peirce', 'Emberson', '2016-10-12', 118);
insert into mendiants (id_mendiant, nom, prenom, date_de_naissance, id_chambre) values (651, 'Greer', 'Hows', '1972-03-20', 53);
insert into mendiants (id_mendiant, nom, prenom, date_de_naissance, id_chambre) values (652, 'Dacy', 'Dumini', '1984-02-09', 144);
insert into mendiants (id_mendiant, nom, prenom, date_de_naissance, id_chambre) values (653, 'Suzann', 'Crut', '2017-10-23', 10);
insert into mendiants (id_mendiant, nom, prenom, date_de_naissance, id_chambre) values (654, 'Maddy', 'Unstead', '2019-03-18', 67);
insert into mendiants (id_mendiant, nom, prenom, date_de_naissance, id_chambre) values (655, 'Brice', 'Kastel', '2010-07-11', 87);
insert into mendiants (id_mendiant, nom, prenom, date_de_naissance, id_chambre) values (656, 'Barbee', 'Barsham', '1995-03-03', 75);
insert into mendiants (id_mendiant, nom, prenom, date_de_naissance, id_chambre) values (657, 'Dorelle', 'Batalini', '1989-01-08', 108);
insert into mendiants (id_mendiant, nom, prenom, date_de_naissance, id_chambre) values (658, 'Elmore', 'Cumbes', '2000-07-25', 57);
insert into mendiants (id_mendiant, nom, prenom, date_de_naissance, id_chambre) values (659, 'Priscilla', 'Capaldo', '1996-10-18', 119);
insert into mendiants (id_mendiant, nom, prenom, date_de_naissance, id_chambre) values (660, 'Aylmer', 'Wickins', '1980-09-16', 17);
insert into mendiants (id_mendiant, nom, prenom, date_de_naissance, id_chambre) values (661, 'Aura', 'Kolodziejski', '1998-08-30', 33);
insert into mendiants (id_mendiant, nom, prenom, date_de_naissance, id_chambre) values (662, 'Eve', 'Batham', '1974-08-11', 137);
insert into mendiants (id_mendiant, nom, prenom, date_de_naissance, id_chambre) values (663, 'Kelsi', 'Docker', '1979-01-05', 40);
insert into mendiants (id_mendiant, nom, prenom, date_de_naissance, id_chambre) values (664, 'Holly-anne', 'Lumpkin', '1981-01-30', 39);
insert into mendiants (id_mendiant, nom, prenom, date_de_naissance, id_chambre) values (665, 'Tiphani', 'Crix', '1992-01-01', 66);
insert into mendiants (id_mendiant, nom, prenom, date_de_naissance, id_chambre) values (666, 'Justina', 'Frill', '1981-02-22', 7);
insert into mendiants (id_mendiant, nom, prenom, date_de_naissance, id_chambre) values (667, 'Matty', 'Maghull', '1979-06-14', 98);
insert into mendiants (id_mendiant, nom, prenom, date_de_naissance, id_chambre) values (668, 'Averil', 'Robart', '1976-07-02', 50);
insert into mendiants (id_mendiant, nom, prenom, date_de_naissance, id_chambre) values (669, 'Neel', 'Swinn', '1972-12-03', 115);
insert into mendiants (id_mendiant, nom, prenom, date_de_naissance, id_chambre) values (670, 'Boothe', 'Van den Broek', '2008-01-22', 17);
insert into mendiants (id_mendiant, nom, prenom, date_de_naissance, id_chambre) values (671, 'Phyllys', 'Ilyushkin', '1972-02-23', 60);
insert into mendiants (id_mendiant, nom, prenom, date_de_naissance, id_chambre) values (672, 'Rory', 'Mandeville', '1974-08-23', 141);
insert into mendiants (id_mendiant, nom, prenom, date_de_naissance, id_chambre) values (673, 'Tedda', 'Ruvel', '2020-03-19', 125);
insert into mendiants (id_mendiant, nom, prenom, date_de_naissance, id_chambre) values (674, 'Leonardo', 'Christofid_mendiantes', '2009-09-24', 16);
insert into mendiants (id_mendiant, nom, prenom, date_de_naissance, id_chambre) values (675, 'Mikaela', 'Brocklebank', '2002-05-16', 32);
insert into mendiants (id_mendiant, nom, prenom, date_de_naissance, id_chambre) values (676, 'Jocelyn', 'Everington', '1972-09-18', 63);
insert into mendiants (id_mendiant, nom, prenom, date_de_naissance, id_chambre) values (677, 'Leroi', 'Rosterne', '2010-04-26', 88);
insert into mendiants (id_mendiant, nom, prenom, date_de_naissance, id_chambre) values (678, 'Moira', 'Le Gall', '2007-03-09', 17);
insert into mendiants (id_mendiant, nom, prenom, date_de_naissance, id_chambre) values (679, 'Fan', 'Hargerie', '2016-04-10', 113);
insert into mendiants (id_mendiant, nom, prenom, date_de_naissance, id_chambre) values (680, 'Appolonia', 'Wraighte', '2009-04-05', 103);
insert into mendiants (id_mendiant, nom, prenom, date_de_naissance, id_chambre) values (681, 'Cindie', 'Campo', '2021-06-19', 100);
insert into mendiants (id_mendiant, nom, prenom, date_de_naissance, id_chambre) values (682, 'Phillipp', 'Wyles', '1976-07-03', 103);
insert into mendiants (id_mendiant, nom, prenom, date_de_naissance, id_chambre) values (683, 'Donna', 'Wederell', '2008-10-09', 60);
insert into mendiants (id_mendiant, nom, prenom, date_de_naissance, id_chambre) values (684, 'Vergil', 'Ipplett', '2013-06-17', 80);
insert into mendiants (id_mendiant, nom, prenom, date_de_naissance, id_chambre) values (685, 'Cammy', 'Doul', '1998-08-09', 94);
insert into mendiants (id_mendiant, nom, prenom, date_de_naissance, id_chambre) values (686, 'Ramsey', 'Muir', '2019-11-24', 36);
insert into mendiants (id_mendiant, nom, prenom, date_de_naissance, id_chambre) values (687, 'Jan', 'Englefield', '1996-10-25', 101);
insert into mendiants (id_mendiant, nom, prenom, date_de_naissance, id_chambre) values (688, 'Gradey', 'O''Rourke', '1997-07-29', 85);
insert into mendiants (id_mendiant, nom, prenom, date_de_naissance, id_chambre) values (689, 'Kelwin', 'Bettleson', '1972-09-19', 114);
insert into mendiants (id_mendiant, nom, prenom, date_de_naissance, id_chambre) values (690, 'Chlo', 'Tripony', '1980-10-17', 91);
insert into mendiants (id_mendiant, nom, prenom, date_de_naissance, id_chambre) values (691, 'Nertie', 'Pettiford', '1989-12-09', 136);
insert into mendiants (id_mendiant, nom, prenom, date_de_naissance, id_chambre) values (692, 'Ellene', 'Rabbitts', '1985-01-04', 114);
insert into mendiants (id_mendiant, nom, prenom, date_de_naissance, id_chambre) values (693, 'Sherri', 'Stoker', '2006-07-27', 131);
insert into mendiants (id_mendiant, nom, prenom, date_de_naissance, id_chambre) values (694, 'Madelene', 'Clementet', '1978-03-30', 48);
insert into mendiants (id_mendiant, nom, prenom, date_de_naissance, id_chambre) values (695, 'Norah', 'Elden', '1970-09-24', 60);
insert into mendiants (id_mendiant, nom, prenom, date_de_naissance, id_chambre) values (696, 'Clarance', 'Faldo', '1998-05-14', 107);
insert into mendiants (id_mendiant, nom, prenom, date_de_naissance, id_chambre) values (697, 'Robby', 'Killingbeck', '2018-02-20', 43);
insert into mendiants (id_mendiant, nom, prenom, date_de_naissance, id_chambre) values (698, 'Judy', 'Foston', '1975-04-12', 36);
insert into mendiants (id_mendiant, nom, prenom, date_de_naissance, id_chambre) values (699, 'Suzanne', 'Orrick', '1984-08-27', 10);
insert into mendiants (id_mendiant, nom, prenom, date_de_naissance, id_chambre) values (700, 'Kerk', 'Charlo', '2021-08-23', 54);
insert into mendiants (id_mendiant, nom, prenom, date_de_naissance, id_chambre) values (701, 'Yurik', 'Lob', '1996-01-03', 86);
insert into mendiants (id_mendiant, nom, prenom, date_de_naissance, id_chambre) values (702, 'Hagan', 'Aliberti', '2014-04-23', 111);
insert into mendiants (id_mendiant, nom, prenom, date_de_naissance, id_chambre) values (703, 'Tera', 'Benettini', '2001-12-11', 59);
insert into mendiants (id_mendiant, nom, prenom, date_de_naissance, id_chambre) values (704, 'Estella', 'McFater', '2003-03-10', 16);
insert into mendiants (id_mendiant, nom, prenom, date_de_naissance, id_chambre) values (705, 'Evelina', 'Sid_mendiantry', '1981-08-20', 85);
insert into mendiants (id_mendiant, nom, prenom, date_de_naissance, id_chambre) values (706, 'Reinaldos', 'Haszard', '1981-03-21', 105);
insert into mendiants (id_mendiant, nom, prenom, date_de_naissance, id_chambre) values (707, 'Melina', 'Alldis', '1984-02-15', 30);
insert into mendiants (id_mendiant, nom, prenom, date_de_naissance, id_chambre) values (708, 'Herman', 'Seamans', '1975-11-08', 94);
insert into mendiants (id_mendiant, nom, prenom, date_de_naissance, id_chambre) values (709, 'Saul', 'Sloy', '2011-02-24', 32);
insert into mendiants (id_mendiant, nom, prenom, date_de_naissance, id_chambre) values (710, 'Sloane', 'Lumbley', '2014-05-30', 40);
insert into mendiants (id_mendiant, nom, prenom, date_de_naissance, id_chambre) values (711, 'Pippo', 'Measey', '2021-02-03', 29);
insert into mendiants (id_mendiant, nom, prenom, date_de_naissance, id_chambre) values (712, 'Irwin', 'Gomersall', '1975-05-11', 111);
insert into mendiants (id_mendiant, nom, prenom, date_de_naissance, id_chambre) values (713, 'Willie', 'Beardshall', '2008-04-11', 122);
insert into mendiants (id_mendiant, nom, prenom, date_de_naissance, id_chambre) values (714, 'Lacie', 'Ventham', '1998-07-05', 30);
insert into mendiants (id_mendiant, nom, prenom, date_de_naissance, id_chambre) values (715, 'Viola', 'Ennion', '1976-02-29', 66);
insert into mendiants (id_mendiant, nom, prenom, date_de_naissance, id_chambre) values (716, 'Melany', 'Baroche', '2012-09-08', 122);
insert into mendiants (id_mendiant, nom, prenom, date_de_naissance, id_chambre) values (717, 'Daniela', 'Willcock', '2010-10-18', 128);
insert into mendiants (id_mendiant, nom, prenom, date_de_naissance, id_chambre) values (718, 'Clem', 'Heineken', '2005-10-05', 67);
insert into mendiants (id_mendiant, nom, prenom, date_de_naissance, id_chambre) values (719, 'Haley', 'Daily', '1997-09-13', 18);
insert into mendiants (id_mendiant, nom, prenom, date_de_naissance, id_chambre) values (720, 'Welsh', 'MacCallum', '2006-11-28', 134);
insert into mendiants (id_mendiant, nom, prenom, date_de_naissance, id_chambre) values (721, 'L;urette', 'Keelan', '2021-11-30', 17);
insert into mendiants (id_mendiant, nom, prenom, date_de_naissance, id_chambre) values (722, 'Lisle', 'Birtonshaw', '2015-11-12', 136);
insert into mendiants (id_mendiant, nom, prenom, date_de_naissance, id_chambre) values (723, 'Bobinette', 'Ketley', '1992-11-16', 96);
insert into mendiants (id_mendiant, nom, prenom, date_de_naissance, id_chambre) values (724, 'Ninette', 'Horlock', '2002-12-28', 38);
insert into mendiants (id_mendiant, nom, prenom, date_de_naissance, id_chambre) values (725, 'Michell', 'Rablen', '2014-02-11', 117);
insert into mendiants (id_mendiant, nom, prenom, date_de_naissance, id_chambre) values (726, 'Lorinda', 'Overpool', '2017-11-03', 114);
insert into mendiants (id_mendiant, nom, prenom, date_de_naissance, id_chambre) values (727, 'Martguerita', 'Jeffels', '1983-03-20', 51);
insert into mendiants (id_mendiant, nom, prenom, date_de_naissance, id_chambre) values (728, 'Eleonore', 'Bethell', '1983-04-12', 48);
insert into mendiants (id_mendiant, nom, prenom, date_de_naissance, id_chambre) values (729, 'Sargent', 'Pleming', '2011-09-03', 14);
insert into mendiants (id_mendiant, nom, prenom, date_de_naissance, id_chambre) values (730, 'Kirby', 'Crilley', '1992-08-18', 71);
insert into mendiants (id_mendiant, nom, prenom, date_de_naissance, id_chambre) values (731, 'Dot', 'Gerard', '2022-03-01', 57);
insert into mendiants (id_mendiant, nom, prenom, date_de_naissance, id_chambre) values (732, 'Pebrook', 'Petren', '2002-11-13', 133);
insert into mendiants (id_mendiant, nom, prenom, date_de_naissance, id_chambre) values (733, 'Cullan', 'Wittrington', '2000-09-21', 55);
insert into mendiants (id_mendiant, nom, prenom, date_de_naissance, id_chambre) values (734, 'Philippe', 'Baalham', '1974-01-29', 81);
insert into mendiants (id_mendiant, nom, prenom, date_de_naissance, id_chambre) values (735, 'Neysa', 'Scone', '1989-10-15', 85);
insert into mendiants (id_mendiant, nom, prenom, date_de_naissance, id_chambre) values (736, 'Wylie', 'Imlaw', '2009-04-30', 15);
insert into mendiants (id_mendiant, nom, prenom, date_de_naissance, id_chambre) values (737, 'Johna', 'Goodayle', '1997-11-15', 13);
insert into mendiants (id_mendiant, nom, prenom, date_de_naissance, id_chambre) values (738, 'Miner', 'Syer', '2006-10-06', 149);
insert into mendiants (id_mendiant, nom, prenom, date_de_naissance, id_chambre) values (739, 'Saundra', 'Hamal', '1997-10-03', 57);
insert into mendiants (id_mendiant, nom, prenom, date_de_naissance, id_chambre) values (740, 'Delora', 'Preuvost', '2010-09-19', 81);
insert into mendiants (id_mendiant, nom, prenom, date_de_naissance, id_chambre) values (741, 'Veradis', 'Chrstine', '2003-06-20', 39);
insert into mendiants (id_mendiant, nom, prenom, date_de_naissance, id_chambre) values (742, 'Jarrett', 'MacShane', '2018-08-15', 27);
insert into mendiants (id_mendiant, nom, prenom, date_de_naissance, id_chambre) values (743, 'Bendix', 'Son', '2007-04-02', 26);
insert into mendiants (id_mendiant, nom, prenom, date_de_naissance, id_chambre) values (744, 'Rhea', 'Lightman', '1978-08-21', 117);
insert into mendiants (id_mendiant, nom, prenom, date_de_naissance, id_chambre) values (745, 'Cherish', 'Simcox', '1981-11-13', 72);
insert into mendiants (id_mendiant, nom, prenom, date_de_naissance, id_chambre) values (746, 'Faustina', 'St. Quentin', '2020-01-20', 79);
insert into mendiants (id_mendiant, nom, prenom, date_de_naissance, id_chambre) values (747, 'Othilie', 'Kelwaybamber', '2007-11-16', 25);
insert into mendiants (id_mendiant, nom, prenom, date_de_naissance, id_chambre) values (748, 'Annalee', 'Farries', '1991-01-15', 18);
insert into mendiants (id_mendiant, nom, prenom, date_de_naissance, id_chambre) values (749, 'Maud', 'Ambrosch', '1996-10-04', 60);
insert into mendiants (id_mendiant, nom, prenom, date_de_naissance, id_chambre) values (750, 'Lind', 'Franey', '1978-02-23', 74);
insert into mendiants (id_mendiant, nom, prenom, date_de_naissance, id_chambre) values (751, 'Cecilius', 'Sor', '1993-09-04', 121);
insert into mendiants (id_mendiant, nom, prenom, date_de_naissance, id_chambre) values (752, 'Martguerita', 'Linham', '2020-11-18', 7);
insert into mendiants (id_mendiant, nom, prenom, date_de_naissance, id_chambre) values (753, 'Florina', 'Marriott', '1980-01-11', 19);
insert into mendiants (id_mendiant, nom, prenom, date_de_naissance, id_chambre) values (754, 'Les', 'Floris', '2000-08-20', 7);
insert into mendiants (id_mendiant, nom, prenom, date_de_naissance, id_chambre) values (755, 'Lisette', 'Cumbes', '1973-12-27', 8);
insert into mendiants (id_mendiant, nom, prenom, date_de_naissance, id_chambre) values (756, 'Filberte', 'Grinyer', '2013-09-23', 71);
insert into mendiants (id_mendiant, nom, prenom, date_de_naissance, id_chambre) values (757, 'Isadora', 'Crose', '2006-10-16', 46);
insert into mendiants (id_mendiant, nom, prenom, date_de_naissance, id_chambre) values (758, 'Maurise', 'Pendleberry', '1974-06-13', 77);
insert into mendiants (id_mendiant, nom, prenom, date_de_naissance, id_chambre) values (759, 'Gill', 'Leyman', '2018-12-18', 146);
insert into mendiants (id_mendiant, nom, prenom, date_de_naissance, id_chambre) values (760, 'Tallia', 'Latham', '1999-08-16', 39);
insert into mendiants (id_mendiant, nom, prenom, date_de_naissance, id_chambre) values (761, 'Josephina', 'Nurse', '1998-08-18', 132);
insert into mendiants (id_mendiant, nom, prenom, date_de_naissance, id_chambre) values (762, 'Adan', 'Speak', '1973-09-19', 85);
insert into mendiants (id_mendiant, nom, prenom, date_de_naissance, id_chambre) values (763, 'Gerik', 'Standfield', '2017-08-13', 69);
insert into mendiants (id_mendiant, nom, prenom, date_de_naissance, id_chambre) values (764, 'Ignacius', 'Frusher', '1988-08-16', 17);
insert into mendiants (id_mendiant, nom, prenom, date_de_naissance, id_chambre) values (765, 'Elyssa', 'Pentelow', '1998-05-31', 80);
insert into mendiants (id_mendiant, nom, prenom, date_de_naissance, id_chambre) values (766, 'Dalton', 'Terrington', '1975-10-23', 112);
insert into mendiants (id_mendiant, nom, prenom, date_de_naissance, id_chambre) values (767, 'Clevie', 'Thies', '1985-05-09', 12);
insert into mendiants (id_mendiant, nom, prenom, date_de_naissance, id_chambre) values (768, 'Matelda', 'Whitty', '1979-12-03', 138);
insert into mendiants (id_mendiant, nom, prenom, date_de_naissance, id_chambre) values (769, 'Ada', 'Tanzer', '2014-09-14', 129);
insert into mendiants (id_mendiant, nom, prenom, date_de_naissance, id_chambre) values (770, 'Winona', 'McCrea', '1992-08-17', 56);
insert into mendiants (id_mendiant, nom, prenom, date_de_naissance, id_chambre) values (771, 'Ede', 'Devanney', '1972-10-07', 91);
insert into mendiants (id_mendiant, nom, prenom, date_de_naissance, id_chambre) values (772, 'Kimberley', 'Albinson', '1982-12-30', 84);
insert into mendiants (id_mendiant, nom, prenom, date_de_naissance, id_chambre) values (773, 'Budd', 'Ainsworth', '2018-02-03', 60);
insert into mendiants (id_mendiant, nom, prenom, date_de_naissance, id_chambre) values (774, 'Gary', 'Spollen', '1980-03-24', 90);
insert into mendiants (id_mendiant, nom, prenom, date_de_naissance, id_chambre) values (775, 'Curcio', 'Janusz', '1985-02-11', 59);
insert into mendiants (id_mendiant, nom, prenom, date_de_naissance, id_chambre) values (776, 'Carmen', 'Skeeles', '1998-09-03', 111);
insert into mendiants (id_mendiant, nom, prenom, date_de_naissance, id_chambre) values (777, 'Aharon', 'Jendrusch', '1974-10-17', 115);
insert into mendiants (id_mendiant, nom, prenom, date_de_naissance, id_chambre) values (778, 'Colman', 'Handasyde', '1997-06-17', 126);
insert into mendiants (id_mendiant, nom, prenom, date_de_naissance, id_chambre) values (779, 'Abram', 'Kilduff', '2011-09-30', 15);
insert into mendiants (id_mendiant, nom, prenom, date_de_naissance, id_chambre) values (780, 'Alameda', 'Louiset', '2016-03-15', 89);
insert into mendiants (id_mendiant, nom, prenom, date_de_naissance, id_chambre) values (781, 'Phillis', 'Odcroft', '2000-08-17', 110);
insert into mendiants (id_mendiant, nom, prenom, date_de_naissance, id_chambre) values (782, 'Arabela', 'Batterton', '1998-07-05', 128);
insert into mendiants (id_mendiant, nom, prenom, date_de_naissance, id_chambre) values (783, 'Clarance', 'Treacher', '2019-06-12', 105);
insert into mendiants (id_mendiant, nom, prenom, date_de_naissance, id_chambre) values (784, 'Harwell', 'Harm', '2011-05-17', 131);
insert into mendiants (id_mendiant, nom, prenom, date_de_naissance, id_chambre) values (785, 'Damaris', 'O''Lyhane', '2004-12-02', 67);
insert into mendiants (id_mendiant, nom, prenom, date_de_naissance, id_chambre) values (786, 'Yasmeen', 'Rushby', '2008-02-01', 21);
insert into mendiants (id_mendiant, nom, prenom, date_de_naissance, id_chambre) values (787, 'Amie', 'Izen', '1978-12-22', 96);
insert into mendiants (id_mendiant, nom, prenom, date_de_naissance, id_chambre) values (788, 'Cari', 'Fratson', '2003-01-06', 131);
insert into mendiants (id_mendiant, nom, prenom, date_de_naissance, id_chambre) values (789, 'Germaine', 'Truesdale', '2002-01-22', 123);
insert into mendiants (id_mendiant, nom, prenom, date_de_naissance, id_chambre) values (790, 'Debi', 'Pallesen', '1989-11-22', 131);
insert into mendiants (id_mendiant, nom, prenom, date_de_naissance, id_chambre) values (791, 'Cobb', 'Parton', '2010-02-25', 43);
insert into mendiants (id_mendiant, nom, prenom, date_de_naissance, id_chambre) values (792, 'Jeff', 'Mennell', '2016-11-01', 106);
insert into mendiants (id_mendiant, nom, prenom, date_de_naissance, id_chambre) values (793, 'Northrup', 'Matley', '2004-06-08', 136);
insert into mendiants (id_mendiant, nom, prenom, date_de_naissance, id_chambre) values (794, 'Neron', 'Opdenort', '1998-11-25', 111);
insert into mendiants (id_mendiant, nom, prenom, date_de_naissance, id_chambre) values (795, 'Giffie', 'Sisley', '2015-12-17', 110);
insert into mendiants (id_mendiant, nom, prenom, date_de_naissance, id_chambre) values (796, 'Alina', 'Blinman', '1975-08-19', 47);
insert into mendiants (id_mendiant, nom, prenom, date_de_naissance, id_chambre) values (797, 'Gusta', 'Iskow', '1988-05-23', 143);
insert into mendiants (id_mendiant, nom, prenom, date_de_naissance, id_chambre) values (798, 'Pamela', 'Pechet', '1990-06-18', 33);
insert into mendiants (id_mendiant, nom, prenom, date_de_naissance, id_chambre) values (799, 'Annecorinne', 'Sheilds', '1973-02-03', 103);
insert into mendiants (id_mendiant, nom, prenom, date_de_naissance, id_chambre) values (800, 'Ulises', 'Carass', '1997-11-08', 145);
insert into mendiants (id_mendiant, nom, prenom, date_de_naissance, id_chambre) values (801, 'Orella', 'Winship', '1998-06-11', 40);
insert into mendiants (id_mendiant, nom, prenom, date_de_naissance, id_chambre) values (802, 'Jeni', 'Brookbank', '2014-12-16', 145);
insert into mendiants (id_mendiant, nom, prenom, date_de_naissance, id_chambre) values (803, 'Delia', 'Bernier', '2002-10-25', 84);
insert into mendiants (id_mendiant, nom, prenom, date_de_naissance, id_chambre) values (804, 'Morgun', 'Caramuscia', '2009-03-14', 36);
insert into mendiants (id_mendiant, nom, prenom, date_de_naissance, id_chambre) values (805, 'Arin', 'Amsden', '1998-05-13', 3);
insert into mendiants (id_mendiant, nom, prenom, date_de_naissance, id_chambre) values (806, 'Ike', 'McAndrew', '2013-02-19', 19);
insert into mendiants (id_mendiant, nom, prenom, date_de_naissance, id_chambre) values (807, 'Orv', 'Kemm', '2008-03-16', 50);
insert into mendiants (id_mendiant, nom, prenom, date_de_naissance, id_chambre) values (808, 'Josephine', 'Wharlton', '1990-12-10', 1);
insert into mendiants (id_mendiant, nom, prenom, date_de_naissance, id_chambre) values (809, 'Thorpe', 'Greggor', '1971-02-02', 124);
insert into mendiants (id_mendiant, nom, prenom, date_de_naissance, id_chambre) values (810, 'Marya', 'Easterling', '1974-08-26', 21);
insert into mendiants (id_mendiant, nom, prenom, date_de_naissance, id_chambre) values (811, 'Adi', 'Carse', '2016-08-30', 79);
insert into mendiants (id_mendiant, nom, prenom, date_de_naissance, id_chambre) values (812, 'Kearney', 'Jozsef', '1988-01-06', 150);
insert into mendiants (id_mendiant, nom, prenom, date_de_naissance, id_chambre) values (813, 'Henrie', 'Dog', '2006-07-13', 68);
insert into mendiants (id_mendiant, nom, prenom, date_de_naissance, id_chambre) values (814, 'Alyssa', 'Rohfsen', '2007-01-22', 107);
insert into mendiants (id_mendiant, nom, prenom, date_de_naissance, id_chambre) values (815, 'Wini', 'Abilowitz', '2009-01-10', 40);
insert into mendiants (id_mendiant, nom, prenom, date_de_naissance, id_chambre) values (816, 'Catina', 'Downs', '1991-04-30', 96);
insert into mendiants (id_mendiant, nom, prenom, date_de_naissance, id_chambre) values (817, 'Jacenta', 'Twittey', '2015-12-04', 41);
insert into mendiants (id_mendiant, nom, prenom, date_de_naissance, id_chambre) values (818, 'Bobette', 'Jamot', '2016-09-11', 130);
insert into mendiants (id_mendiant, nom, prenom, date_de_naissance, id_chambre) values (819, 'Shantee', 'Grioli', '1996-07-26', 15);
insert into mendiants (id_mendiant, nom, prenom, date_de_naissance, id_chambre) values (820, 'Niles', 'Hutchinson', '2021-07-02', 95);
insert into mendiants (id_mendiant, nom, prenom, date_de_naissance, id_chambre) values (821, 'Norene', 'Lochhead', '2022-02-25', 41);
insert into mendiants (id_mendiant, nom, prenom, date_de_naissance, id_chambre) values (822, 'Heall', 'Kinker', '1983-08-18', 45);
insert into mendiants (id_mendiant, nom, prenom, date_de_naissance, id_chambre) values (823, 'Nikolaus', 'Warfield', '2013-11-17', 48);
insert into mendiants (id_mendiant, nom, prenom, date_de_naissance, id_chambre) values (824, 'Tricia', 'Ambrosoni', '2009-10-21', 71);
insert into mendiants (id_mendiant, nom, prenom, date_de_naissance, id_chambre) values (825, 'Anselma', 'Bignal', '2017-01-31', 36);
insert into mendiants (id_mendiant, nom, prenom, date_de_naissance, id_chambre) values (826, 'Angil', 'Biggar', '1981-02-09', 89);
insert into mendiants (id_mendiant, nom, prenom, date_de_naissance, id_chambre) values (827, 'Devland', 'Yarnton', '1993-08-21', 146);
insert into mendiants (id_mendiant, nom, prenom, date_de_naissance, id_chambre) values (828, 'Josi', 'Pesek', '2003-11-18', 47);
insert into mendiants (id_mendiant, nom, prenom, date_de_naissance, id_chambre) values (829, 'Merline', 'Gartsyde', '1981-03-18', 63);
insert into mendiants (id_mendiant, nom, prenom, date_de_naissance, id_chambre) values (830, 'Burk', 'Crim', '2002-05-11', 143);
insert into mendiants (id_mendiant, nom, prenom, date_de_naissance, id_chambre) values (831, 'Rollin', 'Skullet', '1974-10-19', 5);
insert into mendiants (id_mendiant, nom, prenom, date_de_naissance, id_chambre) values (832, 'Des', 'Northid_mendiantge', '2018-03-25', 27);
insert into mendiants (id_mendiant, nom, prenom, date_de_naissance, id_chambre) values (833, 'Gerty', 'Eaglestone', '2003-08-11', 138);
insert into mendiants (id_mendiant, nom, prenom, date_de_naissance, id_chambre) values (834, 'Jaclin', 'Wedon', '1993-01-02', 115);
insert into mendiants (id_mendiant, nom, prenom, date_de_naissance, id_chambre) values (835, 'Brant', 'Glastonbury', '1995-03-20', 22);
insert into mendiants (id_mendiant, nom, prenom, date_de_naissance, id_chambre) values (836, 'Patton', 'Immings', '1992-10-22', 100);
insert into mendiants (id_mendiant, nom, prenom, date_de_naissance, id_chambre) values (837, 'Tessy', 'Courteney', '2006-03-03', 103);
insert into mendiants (id_mendiant, nom, prenom, date_de_naissance, id_chambre) values (838, 'Abrahan', 'Klaessen', '2019-12-01', 104);
insert into mendiants (id_mendiant, nom, prenom, date_de_naissance, id_chambre) values (839, 'Albert', 'Migheli', '1996-05-23', 120);
insert into mendiants (id_mendiant, nom, prenom, date_de_naissance, id_chambre) values (840, 'Phyllis', 'Kensett', '1992-06-28', 41);
insert into mendiants (id_mendiant, nom, prenom, date_de_naissance, id_chambre) values (841, 'Florentia', 'Fould', '1991-01-17', 141);
insert into mendiants (id_mendiant, nom, prenom, date_de_naissance, id_chambre) values (842, 'Dallon', 'Barajas', '2002-04-14', 59);
insert into mendiants (id_mendiant, nom, prenom, date_de_naissance, id_chambre) values (843, 'Hernando', 'Ranyelld', '1992-09-09', 19);
insert into mendiants (id_mendiant, nom, prenom, date_de_naissance, id_chambre) values (844, 'Gilberta', 'Darrach', '1984-07-10', 70);
insert into mendiants (id_mendiant, nom, prenom, date_de_naissance, id_chambre) values (845, 'Tyne', 'Kimbrough', '1978-06-11', 39);
insert into mendiants (id_mendiant, nom, prenom, date_de_naissance, id_chambre) values (846, 'Corrinne', 'Linthead', '2014-03-14', 68);
insert into mendiants (id_mendiant, nom, prenom, date_de_naissance, id_chambre) values (847, 'Jolie', 'Hovell', '2014-02-20', 149);
insert into mendiants (id_mendiant, nom, prenom, date_de_naissance, id_chambre) values (848, 'Sherlocke', 'Horsted', '1993-02-02', 40);
insert into mendiants (id_mendiant, nom, prenom, date_de_naissance, id_chambre) values (849, 'Bronson', 'Podmore', '1978-01-15', 143);
insert into mendiants (id_mendiant, nom, prenom, date_de_naissance, id_chambre) values (850, 'Darrin', 'Andrusov', '2017-04-27', 42);
insert into mendiants (id_mendiant, nom, prenom, date_de_naissance, id_chambre) values (851, 'Loren', 'Cordeau]', '1974-05-16', 122);
insert into mendiants (id_mendiant, nom, prenom, date_de_naissance, id_chambre) values (852, 'Hollyanne', 'Pagnin', '2013-01-29', 75);
insert into mendiants (id_mendiant, nom, prenom, date_de_naissance, id_chambre) values (853, 'Deanna', 'Inglese', '1979-08-11', 141);
insert into mendiants (id_mendiant, nom, prenom, date_de_naissance, id_chambre) values (854, 'Dyna', 'Pohlke', '2016-01-30', 4);
insert into mendiants (id_mendiant, nom, prenom, date_de_naissance, id_chambre) values (855, 'Lana', 'Basindale', '2005-06-17', 108);
insert into mendiants (id_mendiant, nom, prenom, date_de_naissance, id_chambre) values (856, 'Colan', 'Scryne', '2020-10-15', 83);
insert into mendiants (id_mendiant, nom, prenom, date_de_naissance, id_chambre) values (857, 'Ottilie', 'Carpe', '2013-12-05', 75);
insert into mendiants (id_mendiant, nom, prenom, date_de_naissance, id_chambre) values (858, 'Wyatan', 'Mollett', '2002-02-22', 12);
insert into mendiants (id_mendiant, nom, prenom, date_de_naissance, id_chambre) values (859, 'Caz', 'Slatter', '2018-11-04', 10);
insert into mendiants (id_mendiant, nom, prenom, date_de_naissance, id_chambre) values (860, 'Hollie', 'Robberts', '1993-12-09', 103);
insert into mendiants (id_mendiant, nom, prenom, date_de_naissance, id_chambre) values (861, 'Rosita', 'Peacham', '1982-07-18', 92);
insert into mendiants (id_mendiant, nom, prenom, date_de_naissance, id_chambre) values (862, 'Tucker', 'Bruun', '1990-05-31', 31);
insert into mendiants (id_mendiant, nom, prenom, date_de_naissance, id_chambre) values (863, 'Corrie', 'Mattiessen', '1998-04-29', 8);
insert into mendiants (id_mendiant, nom, prenom, date_de_naissance, id_chambre) values (864, 'Benny', 'Kop', '1971-01-06', 117);
insert into mendiants (id_mendiant, nom, prenom, date_de_naissance, id_chambre) values (865, 'Justino', 'Goaley', '2021-08-08', 29);
insert into mendiants (id_mendiant, nom, prenom, date_de_naissance, id_chambre) values (866, 'Georgie', 'Bierman', '1987-10-27', 83);
insert into mendiants (id_mendiant, nom, prenom, date_de_naissance, id_chambre) values (867, 'Betteanne', 'Chapellow', '2006-10-18', 11);
insert into mendiants (id_mendiant, nom, prenom, date_de_naissance, id_chambre) values (868, 'Joletta', 'Capehorn', '1996-12-02', 118);
insert into mendiants (id_mendiant, nom, prenom, date_de_naissance, id_chambre) values (869, 'Dorey', 'Radsdale', '1993-01-20', 129);
insert into mendiants (id_mendiant, nom, prenom, date_de_naissance, id_chambre) values (870, 'Cybill', 'Carey', '2013-09-25', 22);
insert into mendiants (id_mendiant, nom, prenom, date_de_naissance, id_chambre) values (871, 'Fina', 'Tremaine', '1997-12-30', 133);
insert into mendiants (id_mendiant, nom, prenom, date_de_naissance, id_chambre) values (872, 'Rosana', 'Grimsdith', '2013-10-03', 142);
insert into mendiants (id_mendiant, nom, prenom, date_de_naissance, id_chambre) values (873, 'Myrvyn', 'Fuzzard', '2014-11-18', 75);
insert into mendiants (id_mendiant, nom, prenom, date_de_naissance, id_chambre) values (874, 'Leora', 'Jope', '1994-05-23', 77);
insert into mendiants (id_mendiant, nom, prenom, date_de_naissance, id_chambre) values (875, 'Joleen', 'Dewfall', '2014-06-26', 10);
insert into mendiants (id_mendiant, nom, prenom, date_de_naissance, id_chambre) values (876, 'Decca', 'Antusch', '1981-08-08', 13);
insert into mendiants (id_mendiant, nom, prenom, date_de_naissance, id_chambre) values (877, 'Moreen', 'Mallaby', '1992-04-01', 80);
insert into mendiants (id_mendiant, nom, prenom, date_de_naissance, id_chambre) values (878, 'Klaus', 'Springle', '1984-03-26', 62);
insert into mendiants (id_mendiant, nom, prenom, date_de_naissance, id_chambre) values (879, 'Gay', 'Chipps', '1986-04-09', 148);
insert into mendiants (id_mendiant, nom, prenom, date_de_naissance, id_chambre) values (880, 'Estrella', 'Upton', '2021-07-16', 18);
insert into mendiants (id_mendiant, nom, prenom, date_de_naissance, id_chambre) values (881, 'Lorie', 'Almak', '2014-03-19', 65);
insert into mendiants (id_mendiant, nom, prenom, date_de_naissance, id_chambre) values (882, 'Jobina', 'Rusk', '2012-01-14', 139);
insert into mendiants (id_mendiant, nom, prenom, date_de_naissance, id_chambre) values (883, 'Tova', 'Rushmare', '1972-11-14', 20);
insert into mendiants (id_mendiant, nom, prenom, date_de_naissance, id_chambre) values (884, 'Jackqueline', 'Bowshire', '2008-08-28', 107);
insert into mendiants (id_mendiant, nom, prenom, date_de_naissance, id_chambre) values (885, 'Kym', 'Skakunas', '2013-05-17', 109);
insert into mendiants (id_mendiant, nom, prenom, date_de_naissance, id_chambre) values (886, 'Wildon', 'Beatty', '1971-11-07', 77);
insert into mendiants (id_mendiant, nom, prenom, date_de_naissance, id_chambre) values (887, 'Edie', 'Ianittello', '2020-11-07', 2);
insert into mendiants (id_mendiant, nom, prenom, date_de_naissance, id_chambre) values (888, 'Kary', 'Feeley', '1983-03-13', 141);
insert into mendiants (id_mendiant, nom, prenom, date_de_naissance, id_chambre) values (889, 'Dun', 'Samuel', '1986-06-01', 42);
insert into mendiants (id_mendiant, nom, prenom, date_de_naissance, id_chambre) values (890, 'Persis', 'Garrattley', '1985-07-08', 128);
insert into mendiants (id_mendiant, nom, prenom, date_de_naissance, id_chambre) values (891, 'Sven', 'Begbie', '2005-07-17', 15);
insert into mendiants (id_mendiant, nom, prenom, date_de_naissance, id_chambre) values (892, 'Malinde', 'Jacquemard', '2015-11-25', 10);
insert into mendiants (id_mendiant, nom, prenom, date_de_naissance, id_chambre) values (893, 'Magda', 'Maybey', '2009-02-23', 60);
insert into mendiants (id_mendiant, nom, prenom, date_de_naissance, id_chambre) values (894, 'Ali', 'Komorowski', '2015-01-16', 5);
insert into mendiants (id_mendiant, nom, prenom, date_de_naissance, id_chambre) values (895, 'Lulita', 'Elles', '1994-08-02', 45);
insert into mendiants (id_mendiant, nom, prenom, date_de_naissance, id_chambre) values (896, 'Rufus', 'Tame', '1981-03-02', 103);
insert into mendiants (id_mendiant, nom, prenom, date_de_naissance, id_chambre) values (897, 'Christal', 'Conan', '1997-05-13', 114);
insert into mendiants (id_mendiant, nom, prenom, date_de_naissance, id_chambre) values (898, 'Ellynn', 'Gailor', '2000-03-02', 46);
insert into mendiants (id_mendiant, nom, prenom, date_de_naissance, id_chambre) values (899, 'Germain', 'D''Alesco', '1976-11-04', 45);
insert into mendiants (id_mendiant, nom, prenom, date_de_naissance, id_chambre) values (900, 'Rafferty', 'Trulocke', '2008-09-24', 80);
insert into mendiants (id_mendiant, nom, prenom, date_de_naissance, id_chambre) values (901, 'Harlan', 'Hill', '2018-12-08', 56);
insert into mendiants (id_mendiant, nom, prenom, date_de_naissance, id_chambre) values (902, 'Anabelle', 'Elphick', '2021-05-15', 132);
insert into mendiants (id_mendiant, nom, prenom, date_de_naissance, id_chambre) values (903, 'Casie', 'Segar', '1992-10-23', 12);
insert into mendiants (id_mendiant, nom, prenom, date_de_naissance, id_chambre) values (904, 'Gayelord', 'Sives', '2009-04-22', 123);
insert into mendiants (id_mendiant, nom, prenom, date_de_naissance, id_chambre) values (905, 'Tailor', 'Dametti', '2013-06-20', 138);
insert into mendiants (id_mendiant, nom, prenom, date_de_naissance, id_chambre) values (906, 'Reece', 'Coade', '1988-07-10', 36);
insert into mendiants (id_mendiant, nom, prenom, date_de_naissance, id_chambre) values (907, 'Phillie', 'Wink', '1990-10-05', 99);
insert into mendiants (id_mendiant, nom, prenom, date_de_naissance, id_chambre) values (908, 'Gale', 'Trahair', '2004-03-04', 25);
insert into mendiants (id_mendiant, nom, prenom, date_de_naissance, id_chambre) values (909, 'Karlotte', 'Fritschel', '2004-03-17', 130);
insert into mendiants (id_mendiant, nom, prenom, date_de_naissance, id_chambre) values (910, 'Rhonda', 'Knevett', '2003-05-14', 112);
insert into mendiants (id_mendiant, nom, prenom, date_de_naissance, id_chambre) values (911, 'Harli', 'Ipsley', '1970-11-10', 9);
insert into mendiants (id_mendiant, nom, prenom, date_de_naissance, id_chambre) values (912, 'Kennedy', 'Sharples', '2021-11-19', 34);
insert into mendiants (id_mendiant, nom, prenom, date_de_naissance, id_chambre) values (913, 'Gare', 'Tampin', '1988-03-25', 36);
insert into mendiants (id_mendiant, nom, prenom, date_de_naissance, id_chambre) values (914, 'Patton', 'Ewings', '2007-03-04', 58);
insert into mendiants (id_mendiant, nom, prenom, date_de_naissance, id_chambre) values (915, 'Rab', 'Scoggans', '2008-04-28', 42);
insert into mendiants (id_mendiant, nom, prenom, date_de_naissance, id_chambre) values (916, 'Phillipe', 'Westmacott', '2000-06-21', 93);
insert into mendiants (id_mendiant, nom, prenom, date_de_naissance, id_chambre) values (917, 'Fianna', 'Samwayes', '1993-06-27', 142);
insert into mendiants (id_mendiant, nom, prenom, date_de_naissance, id_chambre) values (918, 'Christel', 'Wallman', '1975-10-17', 1);
insert into mendiants (id_mendiant, nom, prenom, date_de_naissance, id_chambre) values (919, 'Adolphe', 'Bishopp', '1984-02-23', 4);
insert into mendiants (id_mendiant, nom, prenom, date_de_naissance, id_chambre) values (920, 'Cynthie', 'Caslett', '2014-06-07', 117);
insert into mendiants (id_mendiant, nom, prenom, date_de_naissance, id_chambre) values (921, 'Mile', 'Vlasin', '2000-09-23', 84);
insert into mendiants (id_mendiant, nom, prenom, date_de_naissance, id_chambre) values (922, 'Jen', 'Tissington', '1974-10-25', 12);
insert into mendiants (id_mendiant, nom, prenom, date_de_naissance, id_chambre) values (923, 'Moria', 'Whitelaw', '1975-01-17', 100);
insert into mendiants (id_mendiant, nom, prenom, date_de_naissance, id_chambre) values (924, 'Perceval', 'Lockyear', '1986-10-30', 127);
insert into mendiants (id_mendiant, nom, prenom, date_de_naissance, id_chambre) values (925, 'Ruthe', 'Kisting', '2020-12-12', 127);
insert into mendiants (id_mendiant, nom, prenom, date_de_naissance, id_chambre) values (926, 'Torrey', 'Jacox', '1986-08-24', 59);
insert into mendiants (id_mendiant, nom, prenom, date_de_naissance, id_chambre) values (927, 'Aloin', 'Keward', '1990-11-03', 78);
insert into mendiants (id_mendiant, nom, prenom, date_de_naissance, id_chambre) values (928, 'Mord', 'Mackison', '1980-01-12', 53);
insert into mendiants (id_mendiant, nom, prenom, date_de_naissance, id_chambre) values (929, 'Essy', 'Gawkroge', '1990-09-15', 48);
insert into mendiants (id_mendiant, nom, prenom, date_de_naissance, id_chambre) values (930, 'Emalia', 'Maciejak', '2003-03-13', 110);
insert into mendiants (id_mendiant, nom, prenom, date_de_naissance, id_chambre) values (931, 'Bette', 'Ropking', '2002-09-16', 101);
insert into mendiants (id_mendiant, nom, prenom, date_de_naissance, id_chambre) values (932, 'Adrian', 'Aspy', '1972-07-21', 125);
insert into mendiants (id_mendiant, nom, prenom, date_de_naissance, id_chambre) values (933, 'Adair', 'Foxon', '1981-02-28', 57);
insert into mendiants (id_mendiant, nom, prenom, date_de_naissance, id_chambre) values (934, 'Karrie', 'Miquelet', '1986-11-29', 93);
insert into mendiants (id_mendiant, nom, prenom, date_de_naissance, id_chambre) values (935, 'Petronia', 'Kitchinghan', '1996-01-09', 142);
insert into mendiants (id_mendiant, nom, prenom, date_de_naissance, id_chambre) values (936, 'Amalita', 'Coale', '1972-09-17', 135);
insert into mendiants (id_mendiant, nom, prenom, date_de_naissance, id_chambre) values (937, 'Adolphus', 'Reeders', '2008-02-02', 11);
insert into mendiants (id_mendiant, nom, prenom, date_de_naissance, id_chambre) values (938, 'Cyndia', 'Hardy-Piggin', '2021-05-23', 51);
insert into mendiants (id_mendiant, nom, prenom, date_de_naissance, id_chambre) values (939, 'Hershel', 'Rahlof', '1997-04-07', 38);
insert into mendiants (id_mendiant, nom, prenom, date_de_naissance, id_chambre) values (940, 'Salomi', 'Simison', '2004-04-05', 82);
insert into mendiants (id_mendiant, nom, prenom, date_de_naissance, id_chambre) values (941, 'Christalle', 'Polini', '2010-12-09', 146);
insert into mendiants (id_mendiant, nom, prenom, date_de_naissance, id_chambre) values (942, 'Kip', 'Cicco', '2012-07-22', 58);
insert into mendiants (id_mendiant, nom, prenom, date_de_naissance, id_chambre) values (943, 'Westley', 'Morl', '2013-09-21', 134);
insert into mendiants (id_mendiant, nom, prenom, date_de_naissance, id_chambre) values (944, 'Mae', 'Klazenga', '2005-08-11', 76);
insert into mendiants (id_mendiant, nom, prenom, date_de_naissance, id_chambre) values (945, 'Malva', 'Reasun', '2021-09-01', 125);
insert into mendiants (id_mendiant, nom, prenom, date_de_naissance, id_chambre) values (946, 'Emmi', 'Bid_mendiantdlestone', '1985-12-11', 122);
insert into mendiants (id_mendiant, nom, prenom, date_de_naissance, id_chambre) values (947, 'Magnum', 'Gillitt', '1987-01-26', 28);
insert into mendiants (id_mendiant, nom, prenom, date_de_naissance, id_chambre) values (948, 'Roseanne', 'Sherbrooke', '1982-01-10', 145);
insert into mendiants (id_mendiant, nom, prenom, date_de_naissance, id_chambre) values (949, 'Tammie', 'Pateman', '2000-03-05', 103);
insert into mendiants (id_mendiant, nom, prenom, date_de_naissance, id_chambre) values (950, 'Rodi', 'Cordelette', '1980-07-20', 27);
insert into mendiants (id_mendiant, nom, prenom, date_de_naissance, id_chambre) values (951, 'Hew', 'Dymock', '1996-11-03', 146);
insert into mendiants (id_mendiant, nom, prenom, date_de_naissance, id_chambre) values (952, 'Carlyle', 'Askey', '2020-11-02', 108);
insert into mendiants (id_mendiant, nom, prenom, date_de_naissance, id_chambre) values (953, 'Lorianne', 'Castrillo', '1995-01-07', 131);
insert into mendiants (id_mendiant, nom, prenom, date_de_naissance, id_chambre) values (954, 'Allyson', 'Rominov', '1987-09-29', 43);
insert into mendiants (id_mendiant, nom, prenom, date_de_naissance, id_chambre) values (955, 'Ursulina', 'Mixworthy', '2006-01-12', 105);
insert into mendiants (id_mendiant, nom, prenom, date_de_naissance, id_chambre) values (956, 'Charmian', 'Sussans', '1980-04-05', 146);
insert into mendiants (id_mendiant, nom, prenom, date_de_naissance, id_chambre) values (957, 'Archie', 'Ginie', '1982-08-22', 38);
insert into mendiants (id_mendiant, nom, prenom, date_de_naissance, id_chambre) values (958, 'Junie', 'Cropton', '2016-06-11', 54);
insert into mendiants (id_mendiant, nom, prenom, date_de_naissance, id_chambre) values (959, 'Coral', 'Kittless', '1972-09-29', 123);
insert into mendiants (id_mendiant, nom, prenom, date_de_naissance, id_chambre) values (960, 'Isobel', 'Brabyn', '1981-02-10', 97);
insert into mendiants (id_mendiant, nom, prenom, date_de_naissance, id_chambre) values (961, 'Ashien', 'Yon', '2016-04-04', 18);
insert into mendiants (id_mendiant, nom, prenom, date_de_naissance, id_chambre) values (962, 'Marisa', 'Bolletti', '1986-07-23', 19);
insert into mendiants (id_mendiant, nom, prenom, date_de_naissance, id_chambre) values (963, 'Berkeley', 'Corless', '1996-03-09', 89);
insert into mendiants (id_mendiant, nom, prenom, date_de_naissance, id_chambre) values (964, 'Gusta', 'Bromby', '1970-07-27', 109);
insert into mendiants (id_mendiant, nom, prenom, date_de_naissance, id_chambre) values (965, 'Anabal', 'Finlry', '2015-05-24', 47);
insert into mendiants (id_mendiant, nom, prenom, date_de_naissance, id_chambre) values (966, 'Worth', 'Spring', '1989-07-11', 13);
insert into mendiants (id_mendiant, nom, prenom, date_de_naissance, id_chambre) values (967, 'Cosette', 'Tomaszewicz', '1997-02-05', 108);
insert into mendiants (id_mendiant, nom, prenom, date_de_naissance, id_chambre) values (968, 'Herta', 'Aikett', '1990-04-03', 10);
insert into mendiants (id_mendiant, nom, prenom, date_de_naissance, id_chambre) values (969, 'Faber', 'Hegley', '2008-01-31', 95);
insert into mendiants (id_mendiant, nom, prenom, date_de_naissance, id_chambre) values (970, 'Dominga', 'Sapauton', '2017-11-18', 111);
insert into mendiants (id_mendiant, nom, prenom, date_de_naissance, id_chambre) values (971, 'Joanne', 'Eacle', '1984-12-02', 125);
insert into mendiants (id_mendiant, nom, prenom, date_de_naissance, id_chambre) values (972, 'Faina', 'Margrem', '1990-08-22', 136);
insert into mendiants (id_mendiant, nom, prenom, date_de_naissance, id_chambre) values (973, 'Ardyth', 'Aulds', '1990-12-26', 29);
insert into mendiants (id_mendiant, nom, prenom, date_de_naissance, id_chambre) values (974, 'Ariel', 'Sanz', '2013-01-02', 121);
insert into mendiants (id_mendiant, nom, prenom, date_de_naissance, id_chambre) values (975, 'Svend', 'Float', '2016-01-23', 4);
insert into mendiants (id_mendiant, nom, prenom, date_de_naissance, id_chambre) values (976, 'Karola', 'Retchless', '2018-01-17', 37);
insert into mendiants (id_mendiant, nom, prenom, date_de_naissance, id_chambre) values (977, 'Barbee', 'Duthie', '1994-07-27', 115);
insert into mendiants (id_mendiant, nom, prenom, date_de_naissance, id_chambre) values (978, 'Heall', 'Fellos', '2016-02-09', 82);
insert into mendiants (id_mendiant, nom, prenom, date_de_naissance, id_chambre) values (979, 'Juline', 'Spofford', '2006-05-17', 84);
insert into mendiants (id_mendiant, nom, prenom, date_de_naissance, id_chambre) values (980, 'Iris', 'Wickey', '2012-09-29', 53);
insert into mendiants (id_mendiant, nom, prenom, date_de_naissance, id_chambre) values (981, 'Dale', 'Scriver', '1983-11-07', 87);
insert into mendiants (id_mendiant, nom, prenom, date_de_naissance, id_chambre) values (982, 'Nan', 'Joret', '1990-03-16', 37);
insert into mendiants (id_mendiant, nom, prenom, date_de_naissance, id_chambre) values (983, 'Allene', 'Yarnell', '1982-07-05', 52);
insert into mendiants (id_mendiant, nom, prenom, date_de_naissance, id_chambre) values (984, 'Danny', 'Broggelli', '1986-12-05', 23);
insert into mendiants (id_mendiant, nom, prenom, date_de_naissance, id_chambre) values (985, 'Bria', 'Girkins', '2017-06-02', 81);
insert into mendiants (id_mendiant, nom, prenom, date_de_naissance, id_chambre) values (986, 'Timotheus', 'Driussi', '1986-09-27', 141);
insert into mendiants (id_mendiant, nom, prenom, date_de_naissance, id_chambre) values (987, 'Tracie', 'Espinho', '1992-11-23', 150);
insert into mendiants (id_mendiant, nom, prenom, date_de_naissance, id_chambre) values (988, 'Phillid_mendianta', 'Willgoss', '1995-11-11', 19);
insert into mendiants (id_mendiant, nom, prenom, date_de_naissance, id_chambre) values (989, 'Gertrudis', 'Youell', '2013-02-22', 42);
insert into mendiants (id_mendiant, nom, prenom, date_de_naissance, id_chambre) values (990, 'Boote', 'Garbott', '2019-01-28', 46);
insert into mendiants (id_mendiant, nom, prenom, date_de_naissance, id_chambre) values (991, 'Gaston', 'Farre', '1995-01-12', 92);
insert into mendiants (id_mendiant, nom, prenom, date_de_naissance, id_chambre) values (992, 'Kenneth', 'Myderscough', '1991-02-24', 18);
insert into mendiants (id_mendiant, nom, prenom, date_de_naissance, id_chambre) values (993, 'Celisse', 'Davenhill', '2005-05-02', 19);
insert into mendiants (id_mendiant, nom, prenom, date_de_naissance, id_chambre) values (994, 'Murdoch', 'Bend', '1974-11-29', 58);
insert into mendiants (id_mendiant, nom, prenom, date_de_naissance, id_chambre) values (995, 'Bartholomeus', 'Spilsted', '1973-07-29', 94);
insert into mendiants (id_mendiant, nom, prenom, date_de_naissance, id_chambre) values (996, 'La verne', 'Bywaters', '1999-03-14', 114);
insert into mendiants (id_mendiant, nom, prenom, date_de_naissance, id_chambre) values (997, 'Olva', 'Enevold', '1975-01-06', 104);
insert into mendiants (id_mendiant, nom, prenom, date_de_naissance, id_chambre) values (998, 'Scot', 'McGettrick', '1973-12-09', 7);
insert into mendiants (id_mendiant, nom, prenom, date_de_naissance, id_chambre) values (999, 'Ninetta', 'Shotbolt', '1987-07-20', 6);
insert into mendiants (id_mendiant, nom, prenom, date_de_naissance, id_chambre) values (1000, 'Buck', 'Ley', '2010-09-14', 138);


####### insert data into formation
insert into formations (id_formation, nom_formation, domaine, date_debut, date_fin, formateur) values (1, 'Barbie', 'Sooley', '2019-07-08', '2022-03-28', 'Marybeth');
insert into formations (id_formation, nom_formation, domaine, date_debut, date_fin, formateur) values (2, 'Nance', 'De Nisco', '2020-05-12', '2022-03-22', 'Gennifer');
insert into formations (id_formation, nom_formation, domaine, date_debut, date_fin, formateur) values (3, 'Holli', 'Gartrell', '2019-08-06', '2022-03-20', 'Creigh');
insert into formations (id_formation, nom_formation, domaine, date_debut, date_fin, formateur) values (4, 'Catha', 'De Freyne', '2020-06-12', '2022-03-20', 'Montague');
insert into formations (id_formation, nom_formation, domaine, date_debut, date_fin, formateur) values (5, 'West', 'Petruszka', '2020-02-21', '2022-03-17', 'Gabby');
insert into formations (id_formation, nom_formation, domaine, date_debut, date_fin, formateur) values (6, 'Rodolfo', 'Blasi', '2021-04-04', '2022-03-21', 'Shena');
insert into formations (id_formation, nom_formation, domaine, date_debut, date_fin, formateur) values (7, 'Shanna', 'Parlot', '2019-11-29', '2022-03-20', 'Zacherie');
insert into formations (id_formation, nom_formation, domaine, date_debut, date_fin, formateur) values (8, 'Laurice', 'Espy', '2020-02-12', '2022-03-22', 'Lane');
insert into formations (id_formation, nom_formation, domaine, date_debut, date_fin, formateur) values (9, 'Saba', 'Valens-Smith', '2019-08-18', '2022-03-15', 'Lisle');
insert into formations (id_formation, nom_formation, domaine, date_debut, date_fin, formateur) values (10, 'Any', 'Meyrick', '2020-04-03', '2022-03-26', 'Alfie');
insert into formations (id_formation, nom_formation, domaine, date_debut, date_fin, formateur) values (11, 'Anthiathia', 'Kirrens', '2021-01-25', '2022-03-18', 'Dominique');
insert into formations (id_formation, nom_formation, domaine, date_debut, date_fin, formateur) values (12, 'Geno', 'Grzelak', '2019-04-18', '2022-03-16', 'Jsandye');
insert into formations (id_formation, nom_formation, domaine, date_debut, date_fin, formateur) values (13, 'Arlyn', 'Costley', '2019-08-17', '2022-03-21', 'Aleen');
insert into formations (id_formation, nom_formation, domaine, date_debut, date_fin, formateur) values (14, 'Jasmin', 'Stewart', '2019-05-12', '2022-03-27', 'Abbe');
insert into formations (id_formation, nom_formation, domaine, date_debut, date_fin, formateur) values (15, 'Wilt', 'Eisold', '2020-02-07', '2022-03-24', 'Anthony');
insert into formations (id_formation, nom_formation, domaine, date_debut, date_fin, formateur) values (16, 'Benoite', 'Wainscot', '2021-10-26', '2022-03-22', 'Marijn');
insert into formations (id_formation, nom_formation, domaine, date_debut, date_fin, formateur) values (17, 'Judd', 'Swindles', '2021-07-24', '2022-03-23', 'Hilton');
insert into formations (id_formation, nom_formation, domaine, date_debut, date_fin, formateur) values (18, 'Gael', 'Bretherick', '2021-12-31', '2022-03-27', 'Olive');
insert into formations (id_formation, nom_formation, domaine, date_debut, date_fin, formateur) values (19, 'Blythe', 'Linnett', '2020-08-18', '2022-03-17', 'Meir');
insert into formations (id_formation, nom_formation, domaine, date_debut, date_fin, formateur) values (20, 'Eulalie', 'Hatcliffe', '2019-06-23', '2022-03-24', 'Abel');
insert into formations (id_formation, nom_formation, domaine, date_debut, date_fin, formateur) values (21, 'Linnie', 'Neames', '2020-10-13', '2022-03-20', 'Petronella');
insert into formations (id_formation, nom_formation, domaine, date_debut, date_fin, formateur) values (22, 'Charlotta', 'Velden', '2022-01-02', '2022-03-20', 'Verge');
insert into formations (id_formation, nom_formation, domaine, date_debut, date_fin, formateur) values (23, 'id_formationell', 'Danbi', '2020-04-15', '2022-03-26', 'Fannie');
insert into formations (id_formation, nom_formation, domaine, date_debut, date_fin, formateur) values (24, 'Henryetta', 'Nibley', '2020-08-31', '2022-03-15', 'Elset');
insert into formations (id_formation, nom_formation, domaine, date_debut, date_fin, formateur) values (25, 'Eldon', 'Rigard', '2021-11-28', '2022-03-22', 'Tish');
insert into formations (id_formation, nom_formation, domaine, date_debut, date_fin, formateur) values (26, 'Shamus', 'id_formationdens', '2021-03-16', '2022-03-15', 'Helyn');
insert into formations (id_formation, nom_formation, domaine, date_debut, date_fin, formateur) values (27, 'Ermengarde', 'Day', '2022-01-01', '2022-03-20', 'Lulita');
insert into formations (id_formation, nom_formation, domaine, date_debut, date_fin, formateur) values (28, 'Gleda', 'Stinson', '2019-05-31', '2022-03-22', 'Ardyth');
insert into formations (id_formation, nom_formation, domaine, date_debut, date_fin, formateur) values (29, 'Blake', 'Wentworth', '2019-11-24', '2022-03-28', 'Bo');
insert into formations (id_formation, nom_formation, domaine, date_debut, date_fin, formateur) values (30, 'Bibbie', 'Hargerie', '2020-08-18', '2022-03-26', 'Estelle');
insert into formations (id_formation, nom_formation, domaine, date_debut, date_fin, formateur) values (31, 'Cathrine', 'Passfield', '2020-12-10', '2022-03-27', 'Lucretia');
insert into formations (id_formation, nom_formation, domaine, date_debut, date_fin, formateur) values (32, 'Aurore', 'Colleton', '2021-10-15', '2022-03-16', 'Rochester');
insert into formations (id_formation, nom_formation, domaine, date_debut, date_fin, formateur) values (33, 'Benyamin', 'Beslier', '2020-11-02', '2022-03-15', 'Mauricio');
insert into formations (id_formation, nom_formation, domaine, date_debut, date_fin, formateur) values (34, 'Charo', 'Wailes', '2019-04-01', '2022-03-27', 'Vernice');
insert into formations (id_formation, nom_formation, domaine, date_debut, date_fin, formateur) values (35, 'Rockwell', 'Storck', '2019-12-04', '2022-03-19', 'Shanie');
insert into formations (id_formation, nom_formation, domaine, date_debut, date_fin, formateur) values (36, 'Maudie', 'Duer', '2021-09-27', '2022-03-21', 'Audrie');
insert into formations (id_formation, nom_formation, domaine, date_debut, date_fin, formateur) values (37, 'Camellia', 'Jowsey', '2020-11-06', '2022-03-22', 'Helen');
insert into formations (id_formation, nom_formation, domaine, date_debut, date_fin, formateur) values (38, 'Waldo', 'Jewes', '2020-12-13', '2022-03-22', 'Ancell');
insert into formations (id_formation, nom_formation, domaine, date_debut, date_fin, formateur) values (39, 'Brose', 'Decroix', '2021-08-30', '2022-03-20', 'Natale');
insert into formations (id_formation, nom_formation, domaine, date_debut, date_fin, formateur) values (40, 'Dahlia', 'Stillgoe', '2019-04-14', '2022-03-27', 'Jeddy');
insert into formations (id_formation, nom_formation, domaine, date_debut, date_fin, formateur) values (41, 'Paige', 'Steward', '2021-12-28', '2022-03-18', 'Brynna');
insert into formations (id_formation, nom_formation, domaine, date_debut, date_fin, formateur) values (42, 'Tony', 'Hully', '2021-03-08', '2022-03-24', 'Ignace');
insert into formations (id_formation, nom_formation, domaine, date_debut, date_fin, formateur) values (43, 'Lynnett', 'Starkie', '2019-10-04', '2022-03-17', 'Jody');
insert into formations (id_formation, nom_formation, domaine, date_debut, date_fin, formateur) values (44, 'Goldy', 'Ewenson', '2021-07-12', '2022-03-25', 'Peterus');
insert into formations (id_formation, nom_formation, domaine, date_debut, date_fin, formateur) values (45, 'Farlie', 'Meecher', '2021-04-29', '2022-03-15', 'Kesley');
insert into formations (id_formation, nom_formation, domaine, date_debut, date_fin, formateur) values (46, 'Carmelita', 'Mahady', '2020-11-23', '2022-03-18', 'Roselia');
insert into formations (id_formation, nom_formation, domaine, date_debut, date_fin, formateur) values (47, 'Kimberlyn', 'Gubbin', '2019-10-05', '2022-03-27', 'Hildegarde');
insert into formations (id_formation, nom_formation, domaine, date_debut, date_fin, formateur) values (48, 'Ivonne', 'Bausmann', '2021-05-30', '2022-03-21', 'Arda');
insert into formations (id_formation, nom_formation, domaine, date_debut, date_fin, formateur) values (49, 'Byran', 'Murthwaite', '2020-03-15', '2022-03-28', 'Zuzana');
insert into formations (id_formation, nom_formation, domaine, date_debut, date_fin, formateur) values (50, 'Florry', 'Graalmans', '2020-04-28', '2022-03-17', 'Flori');
insert into formations (id_formation, nom_formation, domaine, date_debut, date_fin, formateur) values (51, 'Kirk', 'Ruffell', '2021-03-20', '2022-03-23', 'Engelbert');
insert into formations (id_formation, nom_formation, domaine, date_debut, date_fin, formateur) values (52, 'Terencio', 'Hadcock', '2021-10-11', '2022-03-21', 'Wald');
insert into formations (id_formation, nom_formation, domaine, date_debut, date_fin, formateur) values (53, 'Fredra', 'Crufts', '2021-10-10', '2022-03-20', 'Cordell');
insert into formations (id_formation, nom_formation, domaine, date_debut, date_fin, formateur) values (54, 'Nikolia', 'Rapi', '2021-12-11', '2022-03-27', 'Denys');
insert into formations (id_formation, nom_formation, domaine, date_debut, date_fin, formateur) values (55, 'Adina', 'Stear', '2021-07-23', '2022-03-19', 'Ester');
insert into formations (id_formation, nom_formation, domaine, date_debut, date_fin, formateur) values (56, 'Laurie', 'Lofting', '2020-02-27', '2022-03-28', 'Tully');
insert into formations (id_formation, nom_formation, domaine, date_debut, date_fin, formateur) values (57, 'Eli', 'Matteini', '2022-01-12', '2022-03-16', 'Belicia');
insert into formations (id_formation, nom_formation, domaine, date_debut, date_fin, formateur) values (58, 'Jillana', 'Nusche', '2021-04-13', '2022-03-20', 'Gerik');
insert into formations (id_formation, nom_formation, domaine, date_debut, date_fin, formateur) values (59, 'Gaspard', 'Heaselgrave', '2020-08-05', '2022-03-27', 'Nita');
insert into formations (id_formation, nom_formation, domaine, date_debut, date_fin, formateur) values (60, 'Lauryn', 'Cowins', '2022-01-27', '2022-03-25', 'Shena');
insert into formations (id_formation, nom_formation, domaine, date_debut, date_fin, formateur) values (61, 'Callie', 'Dufaur', '2020-05-09', '2022-03-24', 'Wain');
insert into formations (id_formation, nom_formation, domaine, date_debut, date_fin, formateur) values (62, 'Mellisa', 'Armor', '2020-08-01', '2022-03-23', 'Nicole');
insert into formations (id_formation, nom_formation, domaine, date_debut, date_fin, formateur) values (63, 'Astra', 'Ruddom', '2021-07-20', '2022-03-16', 'Roland');
insert into formations (id_formation, nom_formation, domaine, date_debut, date_fin, formateur) values (64, 'Caron', 'Boynes', '2019-05-29', '2022-03-21', 'Kimble');
insert into formations (id_formation, nom_formation, domaine, date_debut, date_fin, formateur) values (65, 'Elvera', 'Souttar', '2019-07-14', '2022-03-26', 'Truman');
insert into formations (id_formation, nom_formation, domaine, date_debut, date_fin, formateur) values (66, 'Fania', 'Cresswell', '2019-04-05', '2022-03-24', 'Nicolea');
insert into formations (id_formation, nom_formation, domaine, date_debut, date_fin, formateur) values (67, 'Theo', 'Geeritz', '2021-12-26', '2022-03-21', 'Phil');
insert into formations (id_formation, nom_formation, domaine, date_debut, date_fin, formateur) values (68, 'Culley', 'Winborn', '2020-03-07', '2022-03-22', 'Theressa');
insert into formations (id_formation, nom_formation, domaine, date_debut, date_fin, formateur) values (69, 'Jessamyn', 'MacTrustey', '2020-03-18', '2022-03-17', 'Dun');
insert into formations (id_formation, nom_formation, domaine, date_debut, date_fin, formateur) values (70, 'Taber', 'Ubach', '2021-10-26', '2022-03-27', 'Carley');
insert into formations (id_formation, nom_formation, domaine, date_debut, date_fin, formateur) values (71, 'Neila', 'Bravington', '2020-03-16', '2022-03-16', 'Hadleigh');
insert into formations (id_formation, nom_formation, domaine, date_debut, date_fin, formateur) values (72, 'Carmela', 'Kittel', '2020-04-12', '2022-03-19', 'Maryjo');
insert into formations (id_formation, nom_formation, domaine, date_debut, date_fin, formateur) values (73, 'Keary', 'Dahle', '2019-06-09', '2022-03-23', 'Ashlee');
insert into formations (id_formation, nom_formation, domaine, date_debut, date_fin, formateur) values (74, 'Verney', 'Rigmond', '2022-03-14', '2022-03-25', 'Eileen');
insert into formations (id_formation, nom_formation, domaine, date_debut, date_fin, formateur) values (75, 'Kris', 'McGannon', '2020-08-01', '2022-03-19', 'Eadith');
insert into formations (id_formation, nom_formation, domaine, date_debut, date_fin, formateur) values (76, 'Sande', 'Stopford', '2021-12-06', '2022-03-19', 'Wendye');
insert into formations (id_formation, nom_formation, domaine, date_debut, date_fin, formateur) values (77, 'Haily', 'Aked', '2020-10-13', '2022-03-18', 'Thedrick');
insert into formations (id_formation, nom_formation, domaine, date_debut, date_fin, formateur) values (78, 'Sofie', 'Firby', '2020-04-07', '2022-03-21', 'Freddie');
insert into formations (id_formation, nom_formation, domaine, date_debut, date_fin, formateur) values (79, 'Brennan', 'Farfolomeev', '2020-11-30', '2022-03-28', 'Brit');
insert into formations (id_formation, nom_formation, domaine, date_debut, date_fin, formateur) values (80, 'Sorcha', 'Cazalet', '2020-08-05', '2022-03-24', 'Mackenzie');
insert into formations (id_formation, nom_formation, domaine, date_debut, date_fin, formateur) values (81, 'Eula', 'Slaney', '2021-10-03', '2022-03-25', 'Chrystal');
insert into formations (id_formation, nom_formation, domaine, date_debut, date_fin, formateur) values (82, 'Rollin', 'Noads', '2019-09-24', '2022-03-19', 'Allistir');
insert into formations (id_formation, nom_formation, domaine, date_debut, date_fin, formateur) values (83, 'Anthiathia', 'Popham', '2022-02-06', '2022-03-27', 'Konstanze');
insert into formations (id_formation, nom_formation, domaine, date_debut, date_fin, formateur) values (84, 'Jewel', 'Proswell', '2020-12-02', '2022-03-20', 'Jarib');
insert into formations (id_formation, nom_formation, domaine, date_debut, date_fin, formateur) values (85, 'Hale', 'Kolakowski', '2020-04-07', '2022-03-23', 'Evanne');
insert into formations (id_formation, nom_formation, domaine, date_debut, date_fin, formateur) values (86, 'Annabel', 'Dermot', '2020-03-02', '2022-03-26', 'Delaney');
insert into formations (id_formation, nom_formation, domaine, date_debut, date_fin, formateur) values (87, 'Emiline', 'Girardy', '2020-11-01', '2022-03-25', 'Ella');
insert into formations (id_formation, nom_formation, domaine, date_debut, date_fin, formateur) values (88, 'Elwin', 'Alleyne', '2019-10-06', '2022-03-18', 'Darill');
insert into formations (id_formation, nom_formation, domaine, date_debut, date_fin, formateur) values (89, 'Gardie', 'Gregori', '2019-08-14', '2022-03-16', 'Bellina');
insert into formations (id_formation, nom_formation, domaine, date_debut, date_fin, formateur) values (90, 'Karissa', 'D''orsay', '2021-06-15', '2022-03-24', 'Berthe');
insert into formations (id_formation, nom_formation, domaine, date_debut, date_fin, formateur) values (91, 'Vally', 'Bracken', '2021-11-01', '2022-03-19', 'Whitney');
insert into formations (id_formation, nom_formation, domaine, date_debut, date_fin, formateur) values (92, 'Hamid_formation', 'Parkes', '2020-06-05', '2022-03-18', 'Kristyn');
insert into formations (id_formation, nom_formation, domaine, date_debut, date_fin, formateur) values (93, 'Danell', 'Willingale', '2021-09-21', '2022-03-23', 'Sharron');
insert into formations (id_formation, nom_formation, domaine, date_debut, date_fin, formateur) values (94, 'Brigid_formation', 'Cannan', '2019-09-04', '2022-03-26', 'Aurelia');
insert into formations (id_formation, nom_formation, domaine, date_debut, date_fin, formateur) values (95, 'Xavier', 'Andree', '2021-11-26', '2022-03-15', 'Katrinka');
insert into formations (id_formation, nom_formation, domaine, date_debut, date_fin, formateur) values (96, 'Dino', 'Boyington', '2019-04-17', '2022-03-23', 'Horatia');
insert into formations (id_formation, nom_formation, domaine, date_debut, date_fin, formateur) values (97, 'Seth', 'Parradice', '2020-04-26', '2022-03-16', 'Addie');
insert into formations (id_formation, nom_formation, domaine, date_debut, date_fin, formateur) values (98, 'Cecilia', 'Lambersen', '2021-11-04', '2022-03-26', 'Modestine');
insert into formations (id_formation, nom_formation, domaine, date_debut, date_fin, formateur) values (99, 'Harriet', 'Worters', '2020-09-24', '2022-03-26', 'Jammie');
insert into formations (id_formation, nom_formation, domaine, date_debut, date_fin, formateur) values (100, 'Karole', 'Rableau', '2020-01-21', '2022-03-18', 'Natalya');


##### insert data into former_mendiant
insert into former_mendiant (id_mendiant, id_formation) values (488, 17);
insert into former_mendiant (id_mendiant, id_formation) values (197, 36);
insert into former_mendiant (id_mendiant, id_formation) values (255, 89);
insert into former_mendiant (id_mendiant, id_formation) values (487, 64);
insert into former_mendiant (id_mendiant, id_formation) values (262, 11);
insert into former_mendiant (id_mendiant, id_formation) values (793, 8);
insert into former_mendiant (id_mendiant, id_formation) values (719, 67);
insert into former_mendiant (id_mendiant, id_formation) values (1, 47);
insert into former_mendiant (id_mendiant, id_formation) values (587, 23);
insert into former_mendiant (id_mendiant, id_formation) values (955, 44);
insert into former_mendiant (id_mendiant, id_formation) values (561, 55);
insert into former_mendiant (id_mendiant, id_formation) values (732, 65);
insert into former_mendiant (id_mendiant, id_formation) values (825, 10);
insert into former_mendiant (id_mendiant, id_formation) values (340, 9);
insert into former_mendiant (id_mendiant, id_formation) values (380, 46);
insert into former_mendiant (id_mendiant, id_formation) values (766, 35);
insert into former_mendiant (id_mendiant, id_formation) values (577, 66);
insert into former_mendiant (id_mendiant, id_formation) values (636, 47);
insert into former_mendiant (id_mendiant, id_formation) values (183, 4);
insert into former_mendiant (id_mendiant, id_formation) values (210, 26);
insert into former_mendiant (id_mendiant, id_formation) values (921, 82);
insert into former_mendiant (id_mendiant, id_formation) values (96, 18);
insert into former_mendiant (id_mendiant, id_formation) values (849, 81);
insert into former_mendiant (id_mendiant, id_formation) values (337, 24);
insert into former_mendiant (id_mendiant, id_formation) values (799, 5);
insert into former_mendiant (id_mendiant, id_formation) values (612, 67);
insert into former_mendiant (id_mendiant, id_formation) values (850, 37);
insert into former_mendiant (id_mendiant, id_formation) values (662, 77);
insert into former_mendiant (id_mendiant, id_formation) values (501, 10);
insert into former_mendiant (id_mendiant, id_formation) values (179, 17);
insert into former_mendiant (id_mendiant, id_formation) values (887, 31);
insert into former_mendiant (id_mendiant, id_formation) values (885, 4);
insert into former_mendiant (id_mendiant, id_formation) values (211, 8);
insert into former_mendiant (id_mendiant, id_formation) values (369, 90);
insert into former_mendiant (id_mendiant, id_formation) values (380, 55);
insert into former_mendiant (id_mendiant, id_formation) values (784, 12);
insert into former_mendiant (id_mendiant, id_formation) values (239, 66);
insert into former_mendiant (id_mendiant, id_formation) values (349, 78);
insert into former_mendiant (id_mendiant, id_formation) values (551, 7);
insert into former_mendiant (id_mendiant, id_formation) values (648, 85);
insert into former_mendiant (id_mendiant, id_formation) values (458, 98);
insert into former_mendiant (id_mendiant, id_formation) values (169, 35);
insert into former_mendiant (id_mendiant, id_formation) values (113, 19);
insert into former_mendiant (id_mendiant, id_formation) values (48, 83);
insert into former_mendiant (id_mendiant, id_formation) values (67, 18);
insert into former_mendiant (id_mendiant, id_formation) values (705, 66);
insert into former_mendiant (id_mendiant, id_formation) values (156, 97);
insert into former_mendiant (id_mendiant, id_formation) values (580, 3);
insert into former_mendiant (id_mendiant, id_formation) values (420, 66);
insert into former_mendiant (id_mendiant, id_formation) values (360, 46);
insert into former_mendiant (id_mendiant, id_formation) values (507, 36);
insert into former_mendiant (id_mendiant, id_formation) values (849, 22);
insert into former_mendiant (id_mendiant, id_formation) values (924, 77);
insert into former_mendiant (id_mendiant, id_formation) values (997, 89);
insert into former_mendiant (id_mendiant, id_formation) values (472, 38);
insert into former_mendiant (id_mendiant, id_formation) values (314, 77);
insert into former_mendiant (id_mendiant, id_formation) values (256, 16);
insert into former_mendiant (id_mendiant, id_formation) values (309, 57);
insert into former_mendiant (id_mendiant, id_formation) values (876, 79);
insert into former_mendiant (id_mendiant, id_formation) values (33, 56);
insert into former_mendiant (id_mendiant, id_formation) values (15, 47);
insert into former_mendiant (id_mendiant, id_formation) values (18, 93);
insert into former_mendiant (id_mendiant, id_formation) values (884, 21);
insert into former_mendiant (id_mendiant, id_formation) values (641, 22);
insert into former_mendiant (id_mendiant, id_formation) values (266, 50);
insert into former_mendiant (id_mendiant, id_formation) values (999, 47);
insert into former_mendiant (id_mendiant, id_formation) values (45, 39);
insert into former_mendiant (id_mendiant, id_formation) values (38, 6);
insert into former_mendiant (id_mendiant, id_formation) values (547, 1);
insert into former_mendiant (id_mendiant, id_formation) values (67, 17);
insert into former_mendiant (id_mendiant, id_formation) values (107, 80);
insert into former_mendiant (id_mendiant, id_formation) values (52, 75);
insert into former_mendiant (id_mendiant, id_formation) values (7, 36);
insert into former_mendiant (id_mendiant, id_formation) values (340, 10);
insert into former_mendiant (id_mendiant, id_formation) values (847, 16);
insert into former_mendiant (id_mendiant, id_formation) values (907, 31);
insert into former_mendiant (id_mendiant, id_formation) values (338, 88);
insert into former_mendiant (id_mendiant, id_formation) values (243, 2);
insert into former_mendiant (id_mendiant, id_formation) values (151, 36);
insert into former_mendiant (id_mendiant, id_formation) values (892, 56);
insert into former_mendiant (id_mendiant, id_formation) values (438, 34);
insert into former_mendiant (id_mendiant, id_formation) values (432, 25);
insert into former_mendiant (id_mendiant, id_formation) values (172, 73);
insert into former_mendiant (id_mendiant, id_formation) values (738, 54);
insert into former_mendiant (id_mendiant, id_formation) values (551, 52);
insert into former_mendiant (id_mendiant, id_formation) values (952, 22);
insert into former_mendiant (id_mendiant, id_formation) values (838, 37);
insert into former_mendiant (id_mendiant, id_formation) values (933, 48);
insert into former_mendiant (id_mendiant, id_formation) values (957, 27);
insert into former_mendiant (id_mendiant, id_formation) values (36, 99);
insert into former_mendiant (id_mendiant, id_formation) values (267, 68);
insert into former_mendiant (id_mendiant, id_formation) values (96, 59);
insert into former_mendiant (id_mendiant, id_formation) values (465, 30);
insert into former_mendiant (id_mendiant, id_formation) values (272, 8);
insert into former_mendiant (id_mendiant, id_formation) values (160, 84);
insert into former_mendiant (id_mendiant, id_formation) values (524, 22);
insert into former_mendiant (id_mendiant, id_formation) values (731, 88);
insert into former_mendiant (id_mendiant, id_formation) values (700, 57);
insert into former_mendiant (id_mendiant, id_formation) values (684, 41);
insert into former_mendiant (id_mendiant, id_formation) values (84, 90);
insert into former_mendiant (id_mendiant, id_formation) values (63, 66);
insert into former_mendiant (id_mendiant, id_formation) values (871, 100);
insert into former_mendiant (id_mendiant, id_formation) values (603, 5);
insert into former_mendiant (id_mendiant, id_formation) values (492, 33);
insert into former_mendiant (id_mendiant, id_formation) values (515, 22);
insert into former_mendiant (id_mendiant, id_formation) values (870, 96);
insert into former_mendiant (id_mendiant, id_formation) values (324, 8);
insert into former_mendiant (id_mendiant, id_formation) values (898, 29);
insert into former_mendiant (id_mendiant, id_formation) values (892, 68);
insert into former_mendiant (id_mendiant, id_formation) values (177, 57);
insert into former_mendiant (id_mendiant, id_formation) values (862, 1);
insert into former_mendiant (id_mendiant, id_formation) values (4, 23);
insert into former_mendiant (id_mendiant, id_formation) values (740, 22);
insert into former_mendiant (id_mendiant, id_formation) values (585, 90);
insert into former_mendiant (id_mendiant, id_formation) values (325, 90);
insert into former_mendiant (id_mendiant, id_formation) values (676, 76);
insert into former_mendiant (id_mendiant, id_formation) values (201, 77);
insert into former_mendiant (id_mendiant, id_formation) values (643, 67);
insert into former_mendiant (id_mendiant, id_formation) values (893, 65);
insert into former_mendiant (id_mendiant, id_formation) values (372, 52);
insert into former_mendiant (id_mendiant, id_formation) values (123, 31);
insert into former_mendiant (id_mendiant, id_formation) values (614, 65);
insert into former_mendiant (id_mendiant, id_formation) values (70, 27);
insert into former_mendiant (id_mendiant, id_formation) values (612, 62);
insert into former_mendiant (id_mendiant, id_formation) values (233, 6);
insert into former_mendiant (id_mendiant, id_formation) values (855, 37);
insert into former_mendiant (id_mendiant, id_formation) values (309, 93);
insert into former_mendiant (id_mendiant, id_formation) values (654, 30);
insert into former_mendiant (id_mendiant, id_formation) values (1000, 39);
insert into former_mendiant (id_mendiant, id_formation) values (952, 72);
insert into former_mendiant (id_mendiant, id_formation) values (332, 90);
insert into former_mendiant (id_mendiant, id_formation) values (233, 100);
insert into former_mendiant (id_mendiant, id_formation) values (46, 77);
insert into former_mendiant (id_mendiant, id_formation) values (759, 91);
insert into former_mendiant (id_mendiant, id_formation) values (486, 66);
insert into former_mendiant (id_mendiant, id_formation) values (567, 71);
insert into former_mendiant (id_mendiant, id_formation) values (15, 75);
insert into former_mendiant (id_mendiant, id_formation) values (477, 9);
insert into former_mendiant (id_mendiant, id_formation) values (629, 31);
insert into former_mendiant (id_mendiant, id_formation) values (133, 90);
insert into former_mendiant (id_mendiant, id_formation) values (373, 90);
insert into former_mendiant (id_mendiant, id_formation) values (141, 41);
insert into former_mendiant (id_mendiant, id_formation) values (297, 52);
insert into former_mendiant (id_mendiant, id_formation) values (956, 47);
insert into former_mendiant (id_mendiant, id_formation) values (222, 36);
insert into former_mendiant (id_mendiant, id_formation) values (281, 7);
insert into former_mendiant (id_mendiant, id_formation) values (904, 80);
insert into former_mendiant (id_mendiant, id_formation) values (160, 83);
insert into former_mendiant (id_mendiant, id_formation) values (534, 71);
insert into former_mendiant (id_mendiant, id_formation) values (567, 58);
insert into former_mendiant (id_mendiant, id_formation) values (795, 64);
insert into former_mendiant (id_mendiant, id_formation) values (383, 19);
insert into former_mendiant (id_mendiant, id_formation) values (812, 94);
insert into former_mendiant (id_mendiant, id_formation) values (950, 16);
insert into former_mendiant (id_mendiant, id_formation) values (754, 53);
insert into former_mendiant (id_mendiant, id_formation) values (493, 76);
insert into former_mendiant (id_mendiant, id_formation) values (836, 58);
insert into former_mendiant (id_mendiant, id_formation) values (662, 9);
insert into former_mendiant (id_mendiant, id_formation) values (165, 38);
insert into former_mendiant (id_mendiant, id_formation) values (848, 28);
insert into former_mendiant (id_mendiant, id_formation) values (195, 7);
insert into former_mendiant (id_mendiant, id_formation) values (679, 98);
insert into former_mendiant (id_mendiant, id_formation) values (723, 67);
insert into former_mendiant (id_mendiant, id_formation) values (495, 36);
insert into former_mendiant (id_mendiant, id_formation) values (666, 58);
insert into former_mendiant (id_mendiant, id_formation) values (703, 82);
insert into former_mendiant (id_mendiant, id_formation) values (848, 65);
insert into former_mendiant (id_mendiant, id_formation) values (665, 45);
insert into former_mendiant (id_mendiant, id_formation) values (832, 42);
insert into former_mendiant (id_mendiant, id_formation) values (457, 49);
insert into former_mendiant (id_mendiant, id_formation) values (630, 93);
insert into former_mendiant (id_mendiant, id_formation) values (423, 27);
insert into former_mendiant (id_mendiant, id_formation) values (81, 54);
insert into former_mendiant (id_mendiant, id_formation) values (209, 90);
insert into former_mendiant (id_mendiant, id_formation) values (106, 10);
insert into former_mendiant (id_mendiant, id_formation) values (413, 5);
insert into former_mendiant (id_mendiant, id_formation) values (537, 20);
insert into former_mendiant (id_mendiant, id_formation) values (615, 2);
insert into former_mendiant (id_mendiant, id_formation) values (535, 4);
insert into former_mendiant (id_mendiant, id_formation) values (905, 92);
insert into former_mendiant (id_mendiant, id_formation) values (65, 52);
insert into former_mendiant (id_mendiant, id_formation) values (896, 54);
insert into former_mendiant (id_mendiant, id_formation) values (318, 47);
insert into former_mendiant (id_mendiant, id_formation) values (856, 26);
insert into former_mendiant (id_mendiant, id_formation) values (207, 70);
insert into former_mendiant (id_mendiant, id_formation) values (989, 71);
insert into former_mendiant (id_mendiant, id_formation) values (783, 59);
insert into former_mendiant (id_mendiant, id_formation) values (737, 49);
insert into former_mendiant (id_mendiant, id_formation) values (255, 26);
insert into former_mendiant (id_mendiant, id_formation) values (752, 20);
insert into former_mendiant (id_mendiant, id_formation) values (639, 46);
insert into former_mendiant (id_mendiant, id_formation) values (247, 22);
insert into former_mendiant (id_mendiant, id_formation) values (239, 58);
insert into former_mendiant (id_mendiant, id_formation) values (906, 24);
insert into former_mendiant (id_mendiant, id_formation) values (812, 76);
insert into former_mendiant (id_mendiant, id_formation) values (180, 55);
insert into former_mendiant (id_mendiant, id_formation) values (776, 68);
insert into former_mendiant (id_mendiant, id_formation) values (171, 10);
insert into former_mendiant (id_mendiant, id_formation) values (11, 73);
insert into former_mendiant (id_mendiant, id_formation) values (529, 96);
insert into former_mendiant (id_mendiant, id_formation) values (274, 66);
insert into former_mendiant (id_mendiant, id_formation) values (147, 97);
insert into former_mendiant (id_mendiant, id_formation) values (417, 68);
insert into former_mendiant (id_mendiant, id_formation) values (856, 47);
insert into former_mendiant (id_mendiant, id_formation) values (542, 55);
insert into former_mendiant (id_mendiant, id_formation) values (250, 81);
insert into former_mendiant (id_mendiant, id_formation) values (278, 92);
insert into former_mendiant (id_mendiant, id_formation) values (65, 31);
insert into former_mendiant (id_mendiant, id_formation) values (181, 55);
insert into former_mendiant (id_mendiant, id_formation) values (958, 63);
insert into former_mendiant (id_mendiant, id_formation) values (831, 60);
insert into former_mendiant (id_mendiant, id_formation) values (25, 26);
insert into former_mendiant (id_mendiant, id_formation) values (441, 49);
insert into former_mendiant (id_mendiant, id_formation) values (851, 49);
insert into former_mendiant (id_mendiant, id_formation) values (942, 26);
insert into former_mendiant (id_mendiant, id_formation) values (230, 51);
insert into former_mendiant (id_mendiant, id_formation) values (883, 88);
insert into former_mendiant (id_mendiant, id_formation) values (323, 35);
insert into former_mendiant (id_mendiant, id_formation) values (625, 71);
insert into former_mendiant (id_mendiant, id_formation) values (127, 13);
insert into former_mendiant (id_mendiant, id_formation) values (829, 82);
insert into former_mendiant (id_mendiant, id_formation) values (173, 30);
insert into former_mendiant (id_mendiant, id_formation) values (469, 40);
insert into former_mendiant (id_mendiant, id_formation) values (179, 88);
insert into former_mendiant (id_mendiant, id_formation) values (373, 34);
insert into former_mendiant (id_mendiant, id_formation) values (315, 27);
insert into former_mendiant (id_mendiant, id_formation) values (744, 7);
insert into former_mendiant (id_mendiant, id_formation) values (440, 76);
insert into former_mendiant (id_mendiant, id_formation) values (260, 7);
insert into former_mendiant (id_mendiant, id_formation) values (643, 3);
insert into former_mendiant (id_mendiant, id_formation) values (230, 32);
insert into former_mendiant (id_mendiant, id_formation) values (404, 100);
insert into former_mendiant (id_mendiant, id_formation) values (523, 75);
insert into former_mendiant (id_mendiant, id_formation) values (416, 31);
insert into former_mendiant (id_mendiant, id_formation) values (370, 12);
insert into former_mendiant (id_mendiant, id_formation) values (105, 84);
insert into former_mendiant (id_mendiant, id_formation) values (368, 44);
insert into former_mendiant (id_mendiant, id_formation) values (942, 65);
insert into former_mendiant (id_mendiant, id_formation) values (723, 48);
insert into former_mendiant (id_mendiant, id_formation) values (195, 32);
insert into former_mendiant (id_mendiant, id_formation) values (593, 22);
insert into former_mendiant (id_mendiant, id_formation) values (875, 70);
insert into former_mendiant (id_mendiant, id_formation) values (379, 28);
insert into former_mendiant (id_mendiant, id_formation) values (296, 78);
insert into former_mendiant (id_mendiant, id_formation) values (95, 61);
insert into former_mendiant (id_mendiant, id_formation) values (770, 15);
insert into former_mendiant (id_mendiant, id_formation) values (677, 56);
insert into former_mendiant (id_mendiant, id_formation) values (262, 55);
insert into former_mendiant (id_mendiant, id_formation) values (166, 52);
insert into former_mendiant (id_mendiant, id_formation) values (562, 76);
insert into former_mendiant (id_mendiant, id_formation) values (591, 16);
insert into former_mendiant (id_mendiant, id_formation) values (632, 10);
insert into former_mendiant (id_mendiant, id_formation) values (252, 33);
insert into former_mendiant (id_mendiant, id_formation) values (542, 8);
insert into former_mendiant (id_mendiant, id_formation) values (42, 29);
insert into former_mendiant (id_mendiant, id_formation) values (334, 67);
insert into former_mendiant (id_mendiant, id_formation) values (573, 5);
insert into former_mendiant (id_mendiant, id_formation) values (34, 6);
insert into former_mendiant (id_mendiant, id_formation) values (224, 58);
insert into former_mendiant (id_mendiant, id_formation) values (552, 59);
insert into former_mendiant (id_mendiant, id_formation) values (528, 60);
insert into former_mendiant (id_mendiant, id_formation) values (360, 98);
insert into former_mendiant (id_mendiant, id_formation) values (835, 23);
insert into former_mendiant (id_mendiant, id_formation) values (370, 21);
insert into former_mendiant (id_mendiant, id_formation) values (731, 54);
insert into former_mendiant (id_mendiant, id_formation) values (4, 48);
insert into former_mendiant (id_mendiant, id_formation) values (499, 8);
insert into former_mendiant (id_mendiant, id_formation) values (208, 14);
insert into former_mendiant (id_mendiant, id_formation) values (807, 49);
insert into former_mendiant (id_mendiant, id_formation) values (593, 49);
insert into former_mendiant (id_mendiant, id_formation) values (509, 43);
insert into former_mendiant (id_mendiant, id_formation) values (748, 88);
insert into former_mendiant (id_mendiant, id_formation) values (941, 20);
insert into former_mendiant (id_mendiant, id_formation) values (602, 80);
insert into former_mendiant (id_mendiant, id_formation) values (572, 65);
insert into former_mendiant (id_mendiant, id_formation) values (213, 42);
insert into former_mendiant (id_mendiant, id_formation) values (964, 39);
insert into former_mendiant (id_mendiant, id_formation) values (884, 47);
insert into former_mendiant (id_mendiant, id_formation) values (129, 12);
insert into former_mendiant (id_mendiant, id_formation) values (38, 36);
insert into former_mendiant (id_mendiant, id_formation) values (251, 85);
insert into former_mendiant (id_mendiant, id_formation) values (24, 38);
insert into former_mendiant (id_mendiant, id_formation) values (877, 82);
insert into former_mendiant (id_mendiant, id_formation) values (901, 3);
insert into former_mendiant (id_mendiant, id_formation) values (739, 49);
insert into former_mendiant (id_mendiant, id_formation) values (92, 16);
insert into former_mendiant (id_mendiant, id_formation) values (472, 87);
insert into former_mendiant (id_mendiant, id_formation) values (357, 94);
insert into former_mendiant (id_mendiant, id_formation) values (770, 81);
insert into former_mendiant (id_mendiant, id_formation) values (79, 36);
insert into former_mendiant (id_mendiant, id_formation) values (46, 6);
insert into former_mendiant (id_mendiant, id_formation) values (533, 93);
insert into former_mendiant (id_mendiant, id_formation) values (157, 44);
insert into former_mendiant (id_mendiant, id_formation) values (562, 71);
insert into former_mendiant (id_mendiant, id_formation) values (429, 31);
insert into former_mendiant (id_mendiant, id_formation) values (870, 45);
insert into former_mendiant (id_mendiant, id_formation) values (896, 8);
insert into former_mendiant (id_mendiant, id_formation) values (526, 12);
insert into former_mendiant (id_mendiant, id_formation) values (472, 16);
insert into former_mendiant (id_mendiant, id_formation) values (24, 32);
insert into former_mendiant (id_mendiant, id_formation) values (677, 76);
insert into former_mendiant (id_mendiant, id_formation) values (345, 50);
insert into former_mendiant (id_mendiant, id_formation) values (537, 87);
insert into former_mendiant (id_mendiant, id_formation) values (740, 13);
insert into former_mendiant (id_mendiant, id_formation) values (942, 84);
insert into former_mendiant (id_mendiant, id_formation) values (73, 41);
insert into former_mendiant (id_mendiant, id_formation) values (404, 20);
insert into former_mendiant (id_mendiant, id_formation) values (459, 65);
insert into former_mendiant (id_mendiant, id_formation) values (906, 16);
insert into former_mendiant (id_mendiant, id_formation) values (994, 84);
insert into former_mendiant (id_mendiant, id_formation) values (407, 50);
insert into former_mendiant (id_mendiant, id_formation) values (561, 39);
insert into former_mendiant (id_mendiant, id_formation) values (472, 21);
insert into former_mendiant (id_mendiant, id_formation) values (438, 62);
insert into former_mendiant (id_mendiant, id_formation) values (482, 89);
insert into former_mendiant (id_mendiant, id_formation) values (919, 52);
insert into former_mendiant (id_mendiant, id_formation) values (956, 10);
insert into former_mendiant (id_mendiant, id_formation) values (538, 5);
insert into former_mendiant (id_mendiant, id_formation) values (137, 63);
insert into former_mendiant (id_mendiant, id_formation) values (240, 95);
insert into former_mendiant (id_mendiant, id_formation) values (784, 55);
insert into former_mendiant (id_mendiant, id_formation) values (757, 26);
insert into former_mendiant (id_mendiant, id_formation) values (449, 96);
insert into former_mendiant (id_mendiant, id_formation) values (232, 85);
insert into former_mendiant (id_mendiant, id_formation) values (391, 48);
insert into former_mendiant (id_mendiant, id_formation) values (949, 4);
insert into former_mendiant (id_mendiant, id_formation) values (971, 16);
insert into former_mendiant (id_mendiant, id_formation) values (91, 57);
insert into former_mendiant (id_mendiant, id_formation) values (270, 99);
insert into former_mendiant (id_mendiant, id_formation) values (928, 81);
insert into former_mendiant (id_mendiant, id_formation) values (113, 50);
insert into former_mendiant (id_mendiant, id_formation) values (608, 23);
insert into former_mendiant (id_mendiant, id_formation) values (738, 37);
insert into former_mendiant (id_mendiant, id_formation) values (890, 16);
insert into former_mendiant (id_mendiant, id_formation) values (966, 71);
insert into former_mendiant (id_mendiant, id_formation) values (854, 92);
insert into former_mendiant (id_mendiant, id_formation) values (498, 37);
insert into former_mendiant (id_mendiant, id_formation) values (173, 80);
insert into former_mendiant (id_mendiant, id_formation) values (624, 34);
insert into former_mendiant (id_mendiant, id_formation) values (676, 52);
insert into former_mendiant (id_mendiant, id_formation) values (921, 30);
insert into former_mendiant (id_mendiant, id_formation) values (96, 94);
insert into former_mendiant (id_mendiant, id_formation) values (947, 81);
insert into former_mendiant (id_mendiant, id_formation) values (383, 30);
insert into former_mendiant (id_mendiant, id_formation) values (323, 41);
insert into former_mendiant (id_mendiant, id_formation) values (43, 5);
insert into former_mendiant (id_mendiant, id_formation) values (252, 13);
insert into former_mendiant (id_mendiant, id_formation) values (119, 6);
insert into former_mendiant (id_mendiant, id_formation) values (780, 34);
insert into former_mendiant (id_mendiant, id_formation) values (755, 98);
insert into former_mendiant (id_mendiant, id_formation) values (204, 29);
insert into former_mendiant (id_mendiant, id_formation) values (877, 43);
insert into former_mendiant (id_mendiant, id_formation) values (651, 12);
insert into former_mendiant (id_mendiant, id_formation) values (134, 63);
insert into former_mendiant (id_mendiant, id_formation) values (620, 8);
insert into former_mendiant (id_mendiant, id_formation) values (638, 1);
insert into former_mendiant (id_mendiant, id_formation) values (546, 49);
insert into former_mendiant (id_mendiant, id_formation) values (806, 76);
insert into former_mendiant (id_mendiant, id_formation) values (474, 19);
insert into former_mendiant (id_mendiant, id_formation) values (123, 12);
insert into former_mendiant (id_mendiant, id_formation) values (947, 90);
insert into former_mendiant (id_mendiant, id_formation) values (349, 67);
insert into former_mendiant (id_mendiant, id_formation) values (91, 52);
insert into former_mendiant (id_mendiant, id_formation) values (522, 37);
insert into former_mendiant (id_mendiant, id_formation) values (556, 33);
insert into former_mendiant (id_mendiant, id_formation) values (751, 27);
insert into former_mendiant (id_mendiant, id_formation) values (623, 92);
insert into former_mendiant (id_mendiant, id_formation) values (817, 8);
insert into former_mendiant (id_mendiant, id_formation) values (614, 80);
insert into former_mendiant (id_mendiant, id_formation) values (719, 80);
insert into former_mendiant (id_mendiant, id_formation) values (781, 73);
insert into former_mendiant (id_mendiant, id_formation) values (478, 11);
insert into former_mendiant (id_mendiant, id_formation) values (408, 99);
insert into former_mendiant (id_mendiant, id_formation) values (98, 35);
insert into former_mendiant (id_mendiant, id_formation) values (475, 64);
insert into former_mendiant (id_mendiant, id_formation) values (407, 20);
insert into former_mendiant (id_mendiant, id_formation) values (198, 31);
insert into former_mendiant (id_mendiant, id_formation) values (431, 53);
insert into former_mendiant (id_mendiant, id_formation) values (387, 79);
insert into former_mendiant (id_mendiant, id_formation) values (253, 75);
insert into former_mendiant (id_mendiant, id_formation) values (629, 18);
insert into former_mendiant (id_mendiant, id_formation) values (669, 45);
insert into former_mendiant (id_mendiant, id_formation) values (961, 78);
insert into former_mendiant (id_mendiant, id_formation) values (3, 11);
insert into former_mendiant (id_mendiant, id_formation) values (513, 99);
insert into former_mendiant (id_mendiant, id_formation) values (119, 26);
insert into former_mendiant (id_mendiant, id_formation) values (126, 5);
insert into former_mendiant (id_mendiant, id_formation) values (386, 47);
insert into former_mendiant (id_mendiant, id_formation) values (782, 34);
insert into former_mendiant (id_mendiant, id_formation) values (80, 78);
insert into former_mendiant (id_mendiant, id_formation) values (595, 38);
insert into former_mendiant (id_mendiant, id_formation) values (454, 36);
insert into former_mendiant (id_mendiant, id_formation) values (792, 67);
insert into former_mendiant (id_mendiant, id_formation) values (827, 95);
insert into former_mendiant (id_mendiant, id_formation) values (756, 36);
insert into former_mendiant (id_mendiant, id_formation) values (833, 2);
insert into former_mendiant (id_mendiant, id_formation) values (633, 89);
insert into former_mendiant (id_mendiant, id_formation) values (667, 13);
insert into former_mendiant (id_mendiant, id_formation) values (958, 71);
insert into former_mendiant (id_mendiant, id_formation) values (875, 93);
insert into former_mendiant (id_mendiant, id_formation) values (743, 65);
insert into former_mendiant (id_mendiant, id_formation) values (256, 34);
insert into former_mendiant (id_mendiant, id_formation) values (608, 37);
insert into former_mendiant (id_mendiant, id_formation) values (642, 18);
insert into former_mendiant (id_mendiant, id_formation) values (620, 70);
insert into former_mendiant (id_mendiant, id_formation) values (939, 56);
insert into former_mendiant (id_mendiant, id_formation) values (997, 72);
insert into former_mendiant (id_mendiant, id_formation) values (868, 55);
insert into former_mendiant (id_mendiant, id_formation) values (816, 4);
insert into former_mendiant (id_mendiant, id_formation) values (180, 85);
insert into former_mendiant (id_mendiant, id_formation) values (594, 79);
insert into former_mendiant (id_mendiant, id_formation) values (575, 82);
insert into former_mendiant (id_mendiant, id_formation) values (303, 95);
insert into former_mendiant (id_mendiant, id_formation) values (5, 57);
insert into former_mendiant (id_mendiant, id_formation) values (55, 81);
insert into former_mendiant (id_mendiant, id_formation) values (226, 65);
insert into former_mendiant (id_mendiant, id_formation) values (195, 67);
insert into former_mendiant (id_mendiant, id_formation) values (455, 58);
insert into former_mendiant (id_mendiant, id_formation) values (834, 2);
insert into former_mendiant (id_mendiant, id_formation) values (664, 60);
insert into former_mendiant (id_mendiant, id_formation) values (224, 52);
insert into former_mendiant (id_mendiant, id_formation) values (754, 75);
insert into former_mendiant (id_mendiant, id_formation) values (799, 41);
insert into former_mendiant (id_mendiant, id_formation) values (67, 12);
insert into former_mendiant (id_mendiant, id_formation) values (990, 74);
insert into former_mendiant (id_mendiant, id_formation) values (517, 77);
insert into former_mendiant (id_mendiant, id_formation) values (441, 98);
insert into former_mendiant (id_mendiant, id_formation) values (939, 28);
insert into former_mendiant (id_mendiant, id_formation) values (442, 52);
insert into former_mendiant (id_mendiant, id_formation) values (651, 56);
insert into former_mendiant (id_mendiant, id_formation) values (402, 86);
insert into former_mendiant (id_mendiant, id_formation) values (180, 17);
insert into former_mendiant (id_mendiant, id_formation) values (136, 48);
insert into former_mendiant (id_mendiant, id_formation) values (189, 34);
insert into former_mendiant (id_mendiant, id_formation) values (660, 38);
insert into former_mendiant (id_mendiant, id_formation) values (285, 23);
insert into former_mendiant (id_mendiant, id_formation) values (166, 73);
insert into former_mendiant (id_mendiant, id_formation) values (448, 75);
insert into former_mendiant (id_mendiant, id_formation) values (747, 83);
insert into former_mendiant (id_mendiant, id_formation) values (893, 68);
insert into former_mendiant (id_mendiant, id_formation) values (362, 37);
insert into former_mendiant (id_mendiant, id_formation) values (759, 53);
insert into former_mendiant (id_mendiant, id_formation) values (996, 43);
insert into former_mendiant (id_mendiant, id_formation) values (587, 66);
insert into former_mendiant (id_mendiant, id_formation) values (40, 94);
insert into former_mendiant (id_mendiant, id_formation) values (610, 63);
insert into former_mendiant (id_mendiant, id_formation) values (608, 11);
insert into former_mendiant (id_mendiant, id_formation) values (279, 90);
insert into former_mendiant (id_mendiant, id_formation) values (806, 25);
insert into former_mendiant (id_mendiant, id_formation) values (436, 55);
insert into former_mendiant (id_mendiant, id_formation) values (27, 97);
insert into former_mendiant (id_mendiant, id_formation) values (707, 93);
insert into former_mendiant (id_mendiant, id_formation) values (630, 2);
insert into former_mendiant (id_mendiant, id_formation) values (720, 16);
insert into former_mendiant (id_mendiant, id_formation) values (685, 37);
insert into former_mendiant (id_mendiant, id_formation) values (294, 62);
insert into former_mendiant (id_mendiant, id_formation) values (355, 23);
insert into former_mendiant (id_mendiant, id_formation) values (339, 64);
insert into former_mendiant (id_mendiant, id_formation) values (994, 81);
insert into former_mendiant (id_mendiant, id_formation) values (951, 21);
insert into former_mendiant (id_mendiant, id_formation) values (39, 27);
insert into former_mendiant (id_mendiant, id_formation) values (312, 8);
insert into former_mendiant (id_mendiant, id_formation) values (464, 4);
insert into former_mendiant (id_mendiant, id_formation) values (385, 31);
insert into former_mendiant (id_mendiant, id_formation) values (430, 35);
insert into former_mendiant (id_mendiant, id_formation) values (46, 48);
insert into former_mendiant (id_mendiant, id_formation) values (815, 30);
insert into former_mendiant (id_mendiant, id_formation) values (614, 8);
insert into former_mendiant (id_mendiant, id_formation) values (880, 23);
insert into former_mendiant (id_mendiant, id_formation) values (128, 34);
insert into former_mendiant (id_mendiant, id_formation) values (942, 17);
insert into former_mendiant (id_mendiant, id_formation) values (464, 37);
insert into former_mendiant (id_mendiant, id_formation) values (112, 32);
insert into former_mendiant (id_mendiant, id_formation) values (81, 5);
insert into former_mendiant (id_mendiant, id_formation) values (916, 93);
insert into former_mendiant (id_mendiant, id_formation) values (235, 77);
insert into former_mendiant (id_mendiant, id_formation) values (886, 78);
insert into former_mendiant (id_mendiant, id_formation) values (697, 48);
insert into former_mendiant (id_mendiant, id_formation) values (431, 92);
insert into former_mendiant (id_mendiant, id_formation) values (756, 63);
insert into former_mendiant (id_mendiant, id_formation) values (982, 51);
insert into former_mendiant (id_mendiant, id_formation) values (713, 82);
insert into former_mendiant (id_mendiant, id_formation) values (540, 3);
insert into former_mendiant (id_mendiant, id_formation) values (343, 72);
insert into former_mendiant (id_mendiant, id_formation) values (561, 28);
insert into former_mendiant (id_mendiant, id_formation) values (57, 23);
insert into former_mendiant (id_mendiant, id_formation) values (884, 9);
insert into former_mendiant (id_mendiant, id_formation) values (775, 13);
insert into former_mendiant (id_mendiant, id_formation) values (114, 47);
insert into former_mendiant (id_mendiant, id_formation) values (84, 63);
insert into former_mendiant (id_mendiant, id_formation) values (324, 68);
insert into former_mendiant (id_mendiant, id_formation) values (852, 65);
insert into former_mendiant (id_mendiant, id_formation) values (301, 74);
insert into former_mendiant (id_mendiant, id_formation) values (554, 54);
insert into former_mendiant (id_mendiant, id_formation) values (820, 2);
insert into former_mendiant (id_mendiant, id_formation) values (430, 3);
insert into former_mendiant (id_mendiant, id_formation) values (156, 4);
insert into former_mendiant (id_mendiant, id_formation) values (862, 72);
insert into former_mendiant (id_mendiant, id_formation) values (604, 58);
insert into former_mendiant (id_mendiant, id_formation) values (655, 65);
insert into former_mendiant (id_mendiant, id_formation) values (491, 46);
insert into former_mendiant (id_mendiant, id_formation) values (609, 27);
insert into former_mendiant (id_mendiant, id_formation) values (196, 66);
insert into former_mendiant (id_mendiant, id_formation) values (134, 21);
insert into former_mendiant (id_mendiant, id_formation) values (967, 16);
insert into former_mendiant (id_mendiant, id_formation) values (699, 2);
insert into former_mendiant (id_mendiant, id_formation) values (91, 21);
insert into former_mendiant (id_mendiant, id_formation) values (532, 36);
insert into former_mendiant (id_mendiant, id_formation) values (897, 19);
insert into former_mendiant (id_mendiant, id_formation) values (802, 63);
insert into former_mendiant (id_mendiant, id_formation) values (293, 32);
insert into former_mendiant (id_mendiant, id_formation) values (352, 16);
insert into former_mendiant (id_mendiant, id_formation) values (873, 5);
insert into former_mendiant (id_mendiant, id_formation) values (245, 68);
insert into former_mendiant (id_mendiant, id_formation) values (406, 90);
insert into former_mendiant (id_mendiant, id_formation) values (806, 71);
insert into former_mendiant (id_mendiant, id_formation) values (305, 22);
insert into former_mendiant (id_mendiant, id_formation) values (235, 34);
insert into former_mendiant (id_mendiant, id_formation) values (558, 57);
insert into former_mendiant (id_mendiant, id_formation) values (416, 13);
insert into former_mendiant (id_mendiant, id_formation) values (778, 87);
insert into former_mendiant (id_mendiant, id_formation) values (244, 91);
insert into former_mendiant (id_mendiant, id_formation) values (386, 28);
insert into former_mendiant (id_mendiant, id_formation) values (171, 76);
insert into former_mendiant (id_mendiant, id_formation) values (40, 31);
insert into former_mendiant (id_mendiant, id_formation) values (767, 14);
insert into former_mendiant (id_mendiant, id_formation) values (289, 12);
insert into former_mendiant (id_mendiant, id_formation) values (13, 24);
insert into former_mendiant (id_mendiant, id_formation) values (504, 47);
insert into former_mendiant (id_mendiant, id_formation) values (387, 20);
insert into former_mendiant (id_mendiant, id_formation) values (497, 4);
insert into former_mendiant (id_mendiant, id_formation) values (841, 28);
insert into former_mendiant (id_mendiant, id_formation) values (17, 29);
insert into former_mendiant (id_mendiant, id_formation) values (976, 49);
insert into former_mendiant (id_mendiant, id_formation) values (640, 96);
insert into former_mendiant (id_mendiant, id_formation) values (498, 92);
insert into former_mendiant (id_mendiant, id_formation) values (713, 71);
insert into former_mendiant (id_mendiant, id_formation) values (739, 42);
insert into former_mendiant (id_mendiant, id_formation) values (269, 64);
insert into former_mendiant (id_mendiant, id_formation) values (455, 63);
insert into former_mendiant (id_mendiant, id_formation) values (675, 26);
insert into former_mendiant (id_mendiant, id_formation) values (43, 92);
insert into former_mendiant (id_mendiant, id_formation) values (526, 99);
insert into former_mendiant (id_mendiant, id_formation) values (293, 82);
insert into former_mendiant (id_mendiant, id_formation) values (138, 55);
insert into former_mendiant (id_mendiant, id_formation) values (615, 11);
insert into former_mendiant (id_mendiant, id_formation) values (229, 88);
insert into former_mendiant (id_mendiant, id_formation) values (542, 51);
insert into former_mendiant (id_mendiant, id_formation) values (633, 3);
insert into former_mendiant (id_mendiant, id_formation) values (566, 50);
insert into former_mendiant (id_mendiant, id_formation) values (65, 10);
insert into former_mendiant (id_mendiant, id_formation) values (542, 61);
insert into former_mendiant (id_mendiant, id_formation) values (697, 16);
insert into former_mendiant (id_mendiant, id_formation) values (938, 76);
insert into former_mendiant (id_mendiant, id_formation) values (203, 25);
insert into former_mendiant (id_mendiant, id_formation) values (700, 51);
insert into former_mendiant (id_mendiant, id_formation) values (390, 82);
insert into former_mendiant (id_mendiant, id_formation) values (204, 83);
insert into former_mendiant (id_mendiant, id_formation) values (144, 50);
insert into former_mendiant (id_mendiant, id_formation) values (626, 67);
insert into former_mendiant (id_mendiant, id_formation) values (938, 100);
insert into former_mendiant (id_mendiant, id_formation) values (260, 56);
insert into former_mendiant (id_mendiant, id_formation) values (961, 97);
insert into former_mendiant (id_mendiant, id_formation) values (134, 8);
insert into former_mendiant (id_mendiant, id_formation) values (146, 41);
insert into former_mendiant (id_mendiant, id_formation) values (43, 10);
insert into former_mendiant (id_mendiant, id_formation) values (745, 15);
insert into former_mendiant (id_mendiant, id_formation) values (131, 70);
insert into former_mendiant (id_mendiant, id_formation) values (801, 49);
insert into former_mendiant (id_mendiant, id_formation) values (992, 69);
insert into former_mendiant (id_mendiant, id_formation) values (964, 26);
insert into former_mendiant (id_mendiant, id_formation) values (920, 10);
insert into former_mendiant (id_mendiant, id_formation) values (383, 58);
insert into former_mendiant (id_mendiant, id_formation) values (247, 82);
insert into former_mendiant (id_mendiant, id_formation) values (89, 94);
insert into former_mendiant (id_mendiant, id_formation) values (994, 3);
insert into former_mendiant (id_mendiant, id_formation) values (40, 42);
insert into former_mendiant (id_mendiant, id_formation) values (674, 10);
insert into former_mendiant (id_mendiant, id_formation) values (462, 85);
insert into former_mendiant (id_mendiant, id_formation) values (372, 86);
insert into former_mendiant (id_mendiant, id_formation) values (659, 47);
insert into former_mendiant (id_mendiant, id_formation) values (714, 91);
insert into former_mendiant (id_mendiant, id_formation) values (692, 36);
insert into former_mendiant (id_mendiant, id_formation) values (490, 58);
insert into former_mendiant (id_mendiant, id_formation) values (553, 53);
insert into former_mendiant (id_mendiant, id_formation) values (635, 29);
insert into former_mendiant (id_mendiant, id_formation) values (471, 31);
insert into former_mendiant (id_mendiant, id_formation) values (358, 99);
insert into former_mendiant (id_mendiant, id_formation) values (592, 90);
insert into former_mendiant (id_mendiant, id_formation) values (971, 62);
insert into former_mendiant (id_mendiant, id_formation) values (603, 46);
insert into former_mendiant (id_mendiant, id_formation) values (994, 4);
insert into former_mendiant (id_mendiant, id_formation) values (471, 63);
insert into former_mendiant (id_mendiant, id_formation) values (235, 99);
insert into former_mendiant (id_mendiant, id_formation) values (595, 53);
insert into former_mendiant (id_mendiant, id_formation) values (278, 54);
insert into former_mendiant (id_mendiant, id_formation) values (597, 26);
insert into former_mendiant (id_mendiant, id_formation) values (118, 2);
insert into former_mendiant (id_mendiant, id_formation) values (553, 7);
insert into former_mendiant (id_mendiant, id_formation) values (874, 79);
insert into former_mendiant (id_mendiant, id_formation) values (602, 39);
insert into former_mendiant (id_mendiant, id_formation) values (425, 81);
insert into former_mendiant (id_mendiant, id_formation) values (563, 50);
insert into former_mendiant (id_mendiant, id_formation) values (214, 37);
insert into former_mendiant (id_mendiant, id_formation) values (763, 73);
insert into former_mendiant (id_mendiant, id_formation) values (621, 61);
insert into former_mendiant (id_mendiant, id_formation) values (546, 66);
insert into former_mendiant (id_mendiant, id_formation) values (834, 86);
insert into former_mendiant (id_mendiant, id_formation) values (506, 92);
insert into former_mendiant (id_mendiant, id_formation) values (428, 56);
insert into former_mendiant (id_mendiant, id_formation) values (517, 7);
insert into former_mendiant (id_mendiant, id_formation) values (244, 69);
insert into former_mendiant (id_mendiant, id_formation) values (574, 78);
insert into former_mendiant (id_mendiant, id_formation) values (103, 50);
insert into former_mendiant (id_mendiant, id_formation) values (736, 87);
insert into former_mendiant (id_mendiant, id_formation) values (872, 62);
insert into former_mendiant (id_mendiant, id_formation) values (989, 38);
insert into former_mendiant (id_mendiant, id_formation) values (278, 82);
insert into former_mendiant (id_mendiant, id_formation) values (384, 96);
insert into former_mendiant (id_mendiant, id_formation) values (626, 59);
insert into former_mendiant (id_mendiant, id_formation) values (419, 20);
insert into former_mendiant (id_mendiant, id_formation) values (862, 90);
insert into former_mendiant (id_mendiant, id_formation) values (48, 24);
insert into former_mendiant (id_mendiant, id_formation) values (403, 52);
insert into former_mendiant (id_mendiant, id_formation) values (65, 1);
insert into former_mendiant (id_mendiant, id_formation) values (927, 71);
insert into former_mendiant (id_mendiant, id_formation) values (153, 83);
insert into former_mendiant (id_mendiant, id_formation) values (540, 7);
insert into former_mendiant (id_mendiant, id_formation) values (257, 64);
insert into former_mendiant (id_mendiant, id_formation) values (337, 15);
insert into former_mendiant (id_mendiant, id_formation) values (167, 81);
insert into former_mendiant (id_mendiant, id_formation) values (315, 10);
insert into former_mendiant (id_mendiant, id_formation) values (587, 8);
insert into former_mendiant (id_mendiant, id_formation) values (641, 81);
insert into former_mendiant (id_mendiant, id_formation) values (277, 16);
insert into former_mendiant (id_mendiant, id_formation) values (78, 79);
insert into former_mendiant (id_mendiant, id_formation) values (976, 27);
insert into former_mendiant (id_mendiant, id_formation) values (203, 20);
insert into former_mendiant (id_mendiant, id_formation) values (129, 25);
insert into former_mendiant (id_mendiant, id_formation) values (899, 34);
insert into former_mendiant (id_mendiant, id_formation) values (627, 64);
insert into former_mendiant (id_mendiant, id_formation) values (763, 62);
insert into former_mendiant (id_mendiant, id_formation) values (438, 20);
insert into former_mendiant (id_mendiant, id_formation) values (336, 32);
insert into former_mendiant (id_mendiant, id_formation) values (680, 66);
insert into former_mendiant (id_mendiant, id_formation) values (531, 92);
insert into former_mendiant (id_mendiant, id_formation) values (263, 22);
insert into former_mendiant (id_mendiant, id_formation) values (797, 7);
insert into former_mendiant (id_mendiant, id_formation) values (956, 35);
insert into former_mendiant (id_mendiant, id_formation) values (821, 25);
insert into former_mendiant (id_mendiant, id_formation) values (96, 55);
insert into former_mendiant (id_mendiant, id_formation) values (669, 63);
insert into former_mendiant (id_mendiant, id_formation) values (127, 25);
insert into former_mendiant (id_mendiant, id_formation) values (185, 57);
insert into former_mendiant (id_mendiant, id_formation) values (213, 16);
insert into former_mendiant (id_mendiant, id_formation) values (491, 84);
insert into former_mendiant (id_mendiant, id_formation) values (821, 65);
insert into former_mendiant (id_mendiant, id_formation) values (603, 26);
insert into former_mendiant (id_mendiant, id_formation) values (119, 92);
insert into former_mendiant (id_mendiant, id_formation) values (548, 54);
insert into former_mendiant (id_mendiant, id_formation) values (948, 36);
insert into former_mendiant (id_mendiant, id_formation) values (381, 7);
insert into former_mendiant (id_mendiant, id_formation) values (376, 16);
insert into former_mendiant (id_mendiant, id_formation) values (972, 83);
insert into former_mendiant (id_mendiant, id_formation) values (822, 29);
insert into former_mendiant (id_mendiant, id_formation) values (424, 71);
insert into former_mendiant (id_mendiant, id_formation) values (457, 86);
insert into former_mendiant (id_mendiant, id_formation) values (236, 64);
insert into former_mendiant (id_mendiant, id_formation) values (141, 86);
insert into former_mendiant (id_mendiant, id_formation) values (565, 54);
insert into former_mendiant (id_mendiant, id_formation) values (766, 19);
insert into former_mendiant (id_mendiant, id_formation) values (983, 3);
insert into former_mendiant (id_mendiant, id_formation) values (900, 38);
insert into former_mendiant (id_mendiant, id_formation) values (856, 80);
insert into former_mendiant (id_mendiant, id_formation) values (566, 64);
insert into former_mendiant (id_mendiant, id_formation) values (288, 92);
insert into former_mendiant (id_mendiant, id_formation) values (833, 55);
insert into former_mendiant (id_mendiant, id_formation) values (395, 93);
insert into former_mendiant (id_mendiant, id_formation) values (612, 31);
insert into former_mendiant (id_mendiant, id_formation) values (218, 92);
insert into former_mendiant (id_mendiant, id_formation) values (949, 13);
insert into former_mendiant (id_mendiant, id_formation) values (398, 42);
insert into former_mendiant (id_mendiant, id_formation) values (188, 68);
insert into former_mendiant (id_mendiant, id_formation) values (905, 75);
insert into former_mendiant (id_mendiant, id_formation) values (72, 64);
insert into former_mendiant (id_mendiant, id_formation) values (681, 53);
insert into former_mendiant (id_mendiant, id_formation) values (694, 30);
insert into former_mendiant (id_mendiant, id_formation) values (355, 45);
insert into former_mendiant (id_mendiant, id_formation) values (867, 36);
insert into former_mendiant (id_mendiant, id_formation) values (405, 39);
insert into former_mendiant (id_mendiant, id_formation) values (955, 50);
insert into former_mendiant (id_mendiant, id_formation) values (709, 81);
insert into former_mendiant (id_mendiant, id_formation) values (156, 26);
insert into former_mendiant (id_mendiant, id_formation) values (58, 97);
insert into former_mendiant (id_mendiant, id_formation) values (935, 55);
insert into former_mendiant (id_mendiant, id_formation) values (764, 74);
insert into former_mendiant (id_mendiant, id_formation) values (244, 3);
insert into former_mendiant (id_mendiant, id_formation) values (155, 41);
insert into former_mendiant (id_mendiant, id_formation) values (330, 83);
insert into former_mendiant (id_mendiant, id_formation) values (359, 55);
insert into former_mendiant (id_mendiant, id_formation) values (945, 23);
insert into former_mendiant (id_mendiant, id_formation) values (493, 88);
insert into former_mendiant (id_mendiant, id_formation) values (771, 40);
insert into former_mendiant (id_mendiant, id_formation) values (987, 97);
insert into former_mendiant (id_mendiant, id_formation) values (8, 34);
insert into former_mendiant (id_mendiant, id_formation) values (495, 99);
insert into former_mendiant (id_mendiant, id_formation) values (312, 90);
insert into former_mendiant (id_mendiant, id_formation) values (962, 81);
insert into former_mendiant (id_mendiant, id_formation) values (649, 43);
insert into former_mendiant (id_mendiant, id_formation) values (716, 89);
insert into former_mendiant (id_mendiant, id_formation) values (99, 54);
insert into former_mendiant (id_mendiant, id_formation) values (560, 89);
insert into former_mendiant (id_mendiant, id_formation) values (305, 65);
insert into former_mendiant (id_mendiant, id_formation) values (222, 50);
insert into former_mendiant (id_mendiant, id_formation) values (193, 8);
insert into former_mendiant (id_mendiant, id_formation) values (475, 18);
insert into former_mendiant (id_mendiant, id_formation) values (23, 5);
insert into former_mendiant (id_mendiant, id_formation) values (247, 32);
insert into former_mendiant (id_mendiant, id_formation) values (236, 48);
insert into former_mendiant (id_mendiant, id_formation) values (854, 83);
insert into former_mendiant (id_mendiant, id_formation) values (924, 34);
insert into former_mendiant (id_mendiant, id_formation) values (339, 42);
insert into former_mendiant (id_mendiant, id_formation) values (955, 30);
insert into former_mendiant (id_mendiant, id_formation) values (571, 54);
insert into former_mendiant (id_mendiant, id_formation) values (281, 30);
insert into former_mendiant (id_mendiant, id_formation) values (623, 47);
insert into former_mendiant (id_mendiant, id_formation) values (175, 22);
insert into former_mendiant (id_mendiant, id_formation) values (31, 47);
insert into former_mendiant (id_mendiant, id_formation) values (640, 67);
insert into former_mendiant (id_mendiant, id_formation) values (458, 8);
insert into former_mendiant (id_mendiant, id_formation) values (376, 36);
insert into former_mendiant (id_mendiant, id_formation) values (502, 44);
insert into former_mendiant (id_mendiant, id_formation) values (221, 87);
insert into former_mendiant (id_mendiant, id_formation) values (762, 98);
insert into former_mendiant (id_mendiant, id_formation) values (27, 29);
insert into former_mendiant (id_mendiant, id_formation) values (39, 12);
insert into former_mendiant (id_mendiant, id_formation) values (896, 2);
insert into former_mendiant (id_mendiant, id_formation) values (500, 47);
insert into former_mendiant (id_mendiant, id_formation) values (569, 81);
insert into former_mendiant (id_mendiant, id_formation) values (525, 6);
insert into former_mendiant (id_mendiant, id_formation) values (619, 33);
insert into former_mendiant (id_mendiant, id_formation) values (553, 58);
insert into former_mendiant (id_mendiant, id_formation) values (135, 84);
insert into former_mendiant (id_mendiant, id_formation) values (285, 81);
insert into former_mendiant (id_mendiant, id_formation) values (890, 10);
insert into former_mendiant (id_mendiant, id_formation) values (264, 51);
insert into former_mendiant (id_mendiant, id_formation) values (47, 86);
insert into former_mendiant (id_mendiant, id_formation) values (868, 15);
insert into former_mendiant (id_mendiant, id_formation) values (276, 17);
insert into former_mendiant (id_mendiant, id_formation) values (668, 28);
insert into former_mendiant (id_mendiant, id_formation) values (187, 97);
insert into former_mendiant (id_mendiant, id_formation) values (410, 45);
insert into former_mendiant (id_mendiant, id_formation) values (426, 62);
insert into former_mendiant (id_mendiant, id_formation) values (996, 45);
insert into former_mendiant (id_mendiant, id_formation) values (48, 66);
insert into former_mendiant (id_mendiant, id_formation) values (474, 97);
insert into former_mendiant (id_mendiant, id_formation) values (18, 42);
insert into former_mendiant (id_mendiant, id_formation) values (626, 16);
insert into former_mendiant (id_mendiant, id_formation) values (931, 90);
insert into former_mendiant (id_mendiant, id_formation) values (240, 49);
insert into former_mendiant (id_mendiant, id_formation) values (649, 30);
insert into former_mendiant (id_mendiant, id_formation) values (737, 90);
insert into former_mendiant (id_mendiant, id_formation) values (179, 78);
insert into former_mendiant (id_mendiant, id_formation) values (749, 52);
insert into former_mendiant (id_mendiant, id_formation) values (183, 94);
insert into former_mendiant (id_mendiant, id_formation) values (451, 93);
insert into former_mendiant (id_mendiant, id_formation) values (293, 58);
insert into former_mendiant (id_mendiant, id_formation) values (265, 67);
insert into former_mendiant (id_mendiant, id_formation) values (804, 93);
insert into former_mendiant (id_mendiant, id_formation) values (66, 71);
insert into former_mendiant (id_mendiant, id_formation) values (547, 36);
insert into former_mendiant (id_mendiant, id_formation) values (181, 71);
insert into former_mendiant (id_mendiant, id_formation) values (470, 90);
insert into former_mendiant (id_mendiant, id_formation) values (206, 88);
insert into former_mendiant (id_mendiant, id_formation) values (742, 6);
insert into former_mendiant (id_mendiant, id_formation) values (714, 46);
insert into former_mendiant (id_mendiant, id_formation) values (116, 94);
insert into former_mendiant (id_mendiant, id_formation) values (155, 10);
insert into former_mendiant (id_mendiant, id_formation) values (797, 47);
insert into former_mendiant (id_mendiant, id_formation) values (750, 8);
insert into former_mendiant (id_mendiant, id_formation) values (897, 27);
insert into former_mendiant (id_mendiant, id_formation) values (116, 77);
insert into former_mendiant (id_mendiant, id_formation) values (819, 31);
insert into former_mendiant (id_mendiant, id_formation) values (251, 82);
insert into former_mendiant (id_mendiant, id_formation) values (292, 56);
insert into former_mendiant (id_mendiant, id_formation) values (988, 75);
insert into former_mendiant (id_mendiant, id_formation) values (508, 97);
insert into former_mendiant (id_mendiant, id_formation) values (320, 3);
insert into former_mendiant (id_mendiant, id_formation) values (17, 83);
insert into former_mendiant (id_mendiant, id_formation) values (721, 50);
insert into former_mendiant (id_mendiant, id_formation) values (305, 62);
insert into former_mendiant (id_mendiant, id_formation) values (863, 15);
insert into former_mendiant (id_mendiant, id_formation) values (549, 39);
insert into former_mendiant (id_mendiant, id_formation) values (856, 17);
insert into former_mendiant (id_mendiant, id_formation) values (930, 71);
insert into former_mendiant (id_mendiant, id_formation) values (242, 48);
insert into former_mendiant (id_mendiant, id_formation) values (457, 76);
insert into former_mendiant (id_mendiant, id_formation) values (472, 29);
insert into former_mendiant (id_mendiant, id_formation) values (197, 100);
insert into former_mendiant (id_mendiant, id_formation) values (102, 85);
insert into former_mendiant (id_mendiant, id_formation) values (447, 12);
insert into former_mendiant (id_mendiant, id_formation) values (481, 30);
insert into former_mendiant (id_mendiant, id_formation) values (229, 46);
insert into former_mendiant (id_mendiant, id_formation) values (509, 5);
insert into former_mendiant (id_mendiant, id_formation) values (745, 66);
insert into former_mendiant (id_mendiant, id_formation) values (406, 54);
insert into former_mendiant (id_mendiant, id_formation) values (481, 64);
insert into former_mendiant (id_mendiant, id_formation) values (560, 59);
insert into former_mendiant (id_mendiant, id_formation) values (508, 84);
insert into former_mendiant (id_mendiant, id_formation) values (196, 88);
insert into former_mendiant (id_mendiant, id_formation) values (424, 13);
insert into former_mendiant (id_mendiant, id_formation) values (999, 74);
insert into former_mendiant (id_mendiant, id_formation) values (915, 87);
insert into former_mendiant (id_mendiant, id_formation) values (952, 70);
insert into former_mendiant (id_mendiant, id_formation) values (319, 97);
insert into former_mendiant (id_mendiant, id_formation) values (629, 67);
insert into former_mendiant (id_mendiant, id_formation) values (596, 53);
insert into former_mendiant (id_mendiant, id_formation) values (14, 12);
insert into former_mendiant (id_mendiant, id_formation) values (992, 54);
insert into former_mendiant (id_mendiant, id_formation) values (685, 67);
insert into former_mendiant (id_mendiant, id_formation) values (262, 91);
insert into former_mendiant (id_mendiant, id_formation) values (161, 42);
insert into former_mendiant (id_mendiant, id_formation) values (107, 14);
insert into former_mendiant (id_mendiant, id_formation) values (687, 99);
insert into former_mendiant (id_mendiant, id_formation) values (829, 14);
insert into former_mendiant (id_mendiant, id_formation) values (569, 1);
insert into former_mendiant (id_mendiant, id_formation) values (165, 33);
insert into former_mendiant (id_mendiant, id_formation) values (119, 95);
insert into former_mendiant (id_mendiant, id_formation) values (816, 49);
insert into former_mendiant (id_mendiant, id_formation) values (676, 95);
insert into former_mendiant (id_mendiant, id_formation) values (607, 30);
insert into former_mendiant (id_mendiant, id_formation) values (468, 89);
insert into former_mendiant (id_mendiant, id_formation) values (227, 52);
insert into former_mendiant (id_mendiant, id_formation) values (704, 86);
insert into former_mendiant (id_mendiant, id_formation) values (8, 70);
insert into former_mendiant (id_mendiant, id_formation) values (797, 1);
insert into former_mendiant (id_mendiant, id_formation) values (820, 95);
insert into former_mendiant (id_mendiant, id_formation) values (136, 63);
insert into former_mendiant (id_mendiant, id_formation) values (535, 26);
insert into former_mendiant (id_mendiant, id_formation) values (126, 91);
insert into former_mendiant (id_mendiant, id_formation) values (306, 71);
insert into former_mendiant (id_mendiant, id_formation) values (238, 18);
insert into former_mendiant (id_mendiant, id_formation) values (909, 30);
insert into former_mendiant (id_mendiant, id_formation) values (299, 53);
insert into former_mendiant (id_mendiant, id_formation) values (190, 85);
insert into former_mendiant (id_mendiant, id_formation) values (231, 36);
insert into former_mendiant (id_mendiant, id_formation) values (337, 28);
insert into former_mendiant (id_mendiant, id_formation) values (23, 35);
insert into former_mendiant (id_mendiant, id_formation) values (952, 37);
insert into former_mendiant (id_mendiant, id_formation) values (993, 63);
insert into former_mendiant (id_mendiant, id_formation) values (972, 23);
insert into former_mendiant (id_mendiant, id_formation) values (780, 94);
insert into former_mendiant (id_mendiant, id_formation) values (466, 28);
insert into former_mendiant (id_mendiant, id_formation) values (366, 20);
insert into former_mendiant (id_mendiant, id_formation) values (858, 87);
insert into former_mendiant (id_mendiant, id_formation) values (823, 67);
insert into former_mendiant (id_mendiant, id_formation) values (223, 81);
insert into former_mendiant (id_mendiant, id_formation) values (70, 42);
insert into former_mendiant (id_mendiant, id_formation) values (676, 20);
insert into former_mendiant (id_mendiant, id_formation) values (452, 61);
insert into former_mendiant (id_mendiant, id_formation) values (912, 54);
insert into former_mendiant (id_mendiant, id_formation) values (183, 85);
insert into former_mendiant (id_mendiant, id_formation) values (32, 32);
insert into former_mendiant (id_mendiant, id_formation) values (936, 24);
insert into former_mendiant (id_mendiant, id_formation) values (663, 87);
insert into former_mendiant (id_mendiant, id_formation) values (944, 33);
insert into former_mendiant (id_mendiant, id_formation) values (885, 78);
insert into former_mendiant (id_mendiant, id_formation) values (65, 96);
insert into former_mendiant (id_mendiant, id_formation) values (493, 24);
insert into former_mendiant (id_mendiant, id_formation) values (791, 31);
insert into former_mendiant (id_mendiant, id_formation) values (325, 72);
insert into former_mendiant (id_mendiant, id_formation) values (907, 23);
insert into former_mendiant (id_mendiant, id_formation) values (612, 87);
insert into former_mendiant (id_mendiant, id_formation) values (136, 66);
insert into former_mendiant (id_mendiant, id_formation) values (669, 30);
insert into former_mendiant (id_mendiant, id_formation) values (520, 94);
insert into former_mendiant (id_mendiant, id_formation) values (790, 57);
insert into former_mendiant (id_mendiant, id_formation) values (914, 90);
insert into former_mendiant (id_mendiant, id_formation) values (721, 21);
insert into former_mendiant (id_mendiant, id_formation) values (165, 18);
insert into former_mendiant (id_mendiant, id_formation) values (546, 78);
insert into former_mendiant (id_mendiant, id_formation) values (591, 88);
insert into former_mendiant (id_mendiant, id_formation) values (395, 99);
insert into former_mendiant (id_mendiant, id_formation) values (747, 67);
insert into former_mendiant (id_mendiant, id_formation) values (305, 11);
insert into former_mendiant (id_mendiant, id_formation) values (175, 25);
insert into former_mendiant (id_mendiant, id_formation) values (153, 78);
insert into former_mendiant (id_mendiant, id_formation) values (433, 6);
insert into former_mendiant (id_mendiant, id_formation) values (249, 55);
insert into former_mendiant (id_mendiant, id_formation) values (825, 19);
insert into former_mendiant (id_mendiant, id_formation) values (979, 46);
insert into former_mendiant (id_mendiant, id_formation) values (580, 35);
insert into former_mendiant (id_mendiant, id_formation) values (432, 60);
insert into former_mendiant (id_mendiant, id_formation) values (550, 52);
insert into former_mendiant (id_mendiant, id_formation) values (285, 65);
insert into former_mendiant (id_mendiant, id_formation) values (792, 65);
insert into former_mendiant (id_mendiant, id_formation) values (195, 36);
insert into former_mendiant (id_mendiant, id_formation) values (695, 16);
insert into former_mendiant (id_mendiant, id_formation) values (444, 6);
insert into former_mendiant (id_mendiant, id_formation) values (637, 6);
insert into former_mendiant (id_mendiant, id_formation) values (169, 25);
insert into former_mendiant (id_mendiant, id_formation) values (697, 91);
insert into former_mendiant (id_mendiant, id_formation) values (35, 91);
insert into former_mendiant (id_mendiant, id_formation) values (288, 47);
insert into former_mendiant (id_mendiant, id_formation) values (834, 29);
insert into former_mendiant (id_mendiant, id_formation) values (742, 89);
insert into former_mendiant (id_mendiant, id_formation) values (133, 76);
insert into former_mendiant (id_mendiant, id_formation) values (480, 48);
insert into former_mendiant (id_mendiant, id_formation) values (833, 90);
insert into former_mendiant (id_mendiant, id_formation) values (811, 36);
insert into former_mendiant (id_mendiant, id_formation) values (625, 25);
insert into former_mendiant (id_mendiant, id_formation) values (302, 64);
insert into former_mendiant (id_mendiant, id_formation) values (783, 65);
insert into former_mendiant (id_mendiant, id_formation) values (783, 46);
insert into former_mendiant (id_mendiant, id_formation) values (4, 27);
insert into former_mendiant (id_mendiant, id_formation) values (606, 97);
insert into former_mendiant (id_mendiant, id_formation) values (102, 50);
insert into former_mendiant (id_mendiant, id_formation) values (939, 35);
insert into former_mendiant (id_mendiant, id_formation) values (603, 4);
insert into former_mendiant (id_mendiant, id_formation) values (644, 47);
insert into former_mendiant (id_mendiant, id_formation) values (328, 7);
insert into former_mendiant (id_mendiant, id_formation) values (810, 45);
insert into former_mendiant (id_mendiant, id_formation) values (86, 89);
insert into former_mendiant (id_mendiant, id_formation) values (187, 37);
insert into former_mendiant (id_mendiant, id_formation) values (681, 74);
insert into former_mendiant (id_mendiant, id_formation) values (163, 87);
insert into former_mendiant (id_mendiant, id_formation) values (159, 36);
insert into former_mendiant (id_mendiant, id_formation) values (394, 32);
insert into former_mendiant (id_mendiant, id_formation) values (768, 61);
insert into former_mendiant (id_mendiant, id_formation) values (267, 51);
insert into former_mendiant (id_mendiant, id_formation) values (971, 25);
insert into former_mendiant (id_mendiant, id_formation) values (945, 59);
insert into former_mendiant (id_mendiant, id_formation) values (212, 15);
insert into former_mendiant (id_mendiant, id_formation) values (412, 17);
insert into former_mendiant (id_mendiant, id_formation) values (818, 37);
insert into former_mendiant (id_mendiant, id_formation) values (205, 8);
insert into former_mendiant (id_mendiant, id_formation) values (173, 33);
insert into former_mendiant (id_mendiant, id_formation) values (437, 13);
insert into former_mendiant (id_mendiant, id_formation) values (731, 1);
insert into former_mendiant (id_mendiant, id_formation) values (965, 10);
insert into former_mendiant (id_mendiant, id_formation) values (576, 13);
insert into former_mendiant (id_mendiant, id_formation) values (206, 50);
insert into former_mendiant (id_mendiant, id_formation) values (190, 48);
insert into former_mendiant (id_mendiant, id_formation) values (328, 17);
insert into former_mendiant (id_mendiant, id_formation) values (934, 64);
insert into former_mendiant (id_mendiant, id_formation) values (670, 92);
insert into former_mendiant (id_mendiant, id_formation) values (144, 85);
insert into former_mendiant (id_mendiant, id_formation) values (717, 29);
insert into former_mendiant (id_mendiant, id_formation) values (855, 26);
insert into former_mendiant (id_mendiant, id_formation) values (265, 96);
insert into former_mendiant (id_mendiant, id_formation) values (623, 41);
insert into former_mendiant (id_mendiant, id_formation) values (218, 68);
insert into former_mendiant (id_mendiant, id_formation) values (320, 4);
insert into former_mendiant (id_mendiant, id_formation) values (251, 18);
insert into former_mendiant (id_mendiant, id_formation) values (340, 65);
insert into former_mendiant (id_mendiant, id_formation) values (357, 40);
insert into former_mendiant (id_mendiant, id_formation) values (705, 20);
insert into former_mendiant (id_mendiant, id_formation) values (744, 38);
insert into former_mendiant (id_mendiant, id_formation) values (730, 71);
insert into former_mendiant (id_mendiant, id_formation) values (494, 52);
insert into former_mendiant (id_mendiant, id_formation) values (621, 97);
insert into former_mendiant (id_mendiant, id_formation) values (964, 2);
insert into former_mendiant (id_mendiant, id_formation) values (509, 32);
insert into former_mendiant (id_mendiant, id_formation) values (846, 10);
insert into former_mendiant (id_mendiant, id_formation) values (173, 58);
insert into former_mendiant (id_mendiant, id_formation) values (579, 51);
insert into former_mendiant (id_mendiant, id_formation) values (199, 97);
insert into former_mendiant (id_mendiant, id_formation) values (146, 47);
insert into former_mendiant (id_mendiant, id_formation) values (718, 79);
insert into former_mendiant (id_mendiant, id_formation) values (581, 56);
insert into former_mendiant (id_mendiant, id_formation) values (170, 17);
insert into former_mendiant (id_mendiant, id_formation) values (359, 37);
insert into former_mendiant (id_mendiant, id_formation) values (227, 89);
insert into former_mendiant (id_mendiant, id_formation) values (793, 77);
insert into former_mendiant (id_mendiant, id_formation) values (360, 41);
insert into former_mendiant (id_mendiant, id_formation) values (956, 43);
insert into former_mendiant (id_mendiant, id_formation) values (737, 39);
insert into former_mendiant (id_mendiant, id_formation) values (876, 41);
insert into former_mendiant (id_mendiant, id_formation) values (977, 82);
insert into former_mendiant (id_mendiant, id_formation) values (758, 65);
insert into former_mendiant (id_mendiant, id_formation) values (888, 42);
insert into former_mendiant (id_mendiant, id_formation) values (231, 57);
insert into former_mendiant (id_mendiant, id_formation) values (158, 26);
insert into former_mendiant (id_mendiant, id_formation) values (663, 10);
insert into former_mendiant (id_mendiant, id_formation) values (469, 96);
insert into former_mendiant (id_mendiant, id_formation) values (908, 25);
insert into former_mendiant (id_mendiant, id_formation) values (759, 7);
insert into former_mendiant (id_mendiant, id_formation) values (877, 15);
insert into former_mendiant (id_mendiant, id_formation) values (774, 71);
insert into former_mendiant (id_mendiant, id_formation) values (555, 74);
insert into former_mendiant (id_mendiant, id_formation) values (262, 47);
insert into former_mendiant (id_mendiant, id_formation) values (105, 47);
insert into former_mendiant (id_mendiant, id_formation) values (615, 20);



##### insert into activite
insert into activites (id_activite, nom_activite, domaine, date_activite) values (1, 'Cookley', 'Senecio wootonii Greene', '2019/03/09');
insert into activites (id_activite, nom_activite, domaine, date_activite) values (2, 'Fintone', 'Buddleja officinalis Maxim.', '2021/03/20');
insert into activites (id_activite, nom_activite, domaine, date_activite) values (3, 'Flexidy', 'Adiantum tricholepis Fe', '2017/05/15');
insert into activites (id_activite, nom_activite, domaine, date_activite) values (4, 'Sonsing', 'Auerodendron pauciflorum Alain', '2019/11/17');
insert into activites (id_activite, nom_activite, domaine, date_activite) values (5, 'Tempsoft', 'Parmotrema crinitum (Ach.) M. Choisy', '2019/10/26');
insert into activites (id_activite, nom_activite, domaine, date_activite) values (6, 'Sonair', 'Oxalis tuberosa Molina', '2019/10/26');
insert into activites (id_activite, nom_activite, domaine, date_activite) values (7, 'Aerified', 'Eriophyllum lanatum (Pursh) Forbes var. cuneatum (Kellogg) Jeps.', '2020/12/04');
insert into activites (id_activite, nom_activite, domaine, date_activite) values (8, 'Tin', 'Iresine argentata (Mart.) D. Dietr.', '2020/10/16');
insert into activites (id_activite, nom_activite, domaine, date_activite) values (9, 'Sonair', 'Mentzelia montana (Davidson) Davidson', '2020/05/24');
insert into activites (id_activite, nom_activite, domaine, date_activite) values (10, 'Regrant', 'Pyrrocoma uniflora (Hook.) Greene var. gossypina (Greene) Kartesz & Gandhi', '2018/12/01');
insert into activites (id_activite, nom_activite, domaine, date_activite) values (11, 'Biodex', 'Gahnia vitiensis Rendle ssp. kauaiensis (Benl) T. Koyama', '2018/12/12');
insert into activites (id_activite, nom_activite, domaine, date_activite) values (12, 'Tampflex', 'Cyphomandra Mart. ex Sendtn.', '2019/12/07');
insert into activites (id_activite, nom_activite, domaine, date_activite) values (13, 'Fixflex', 'Spartina maritima (M.A. Curtis) Fernald', '2021/05/07');
insert into activites (id_activite, nom_activite, domaine, date_activite) values (14, 'Bytecard', 'Silene scouleri Hook. ssp. scouleri', '2021/10/17');
insert into activites (id_activite, nom_activite, domaine, date_activite) values (15, 'Stronghold', 'Lotus crassifolius (Benth.) Greene', '2021/03/13');
insert into activites (id_activite, nom_activite, domaine, date_activite) values (16, 'Konklux', 'Ranunculus trilobus Desf.', '2019/10/07');
insert into activites (id_activite, nom_activite, domaine, date_activite) values (17, 'Lotlux', 'Layia chrysanthemoides (DC.) A. Gray', '2018/06/14');
insert into activites (id_activite, nom_activite, domaine, date_activite) values (18, 'Daltfresh', 'Nierembergia hippomanica Miers', '2018/07/19');
insert into activites (id_activite, nom_activite, domaine, date_activite) values (19, 'Y-Solowarm', 'Echinochloa picta (J. Koenig) P.W. Michael', '2019/09/17');
insert into activites (id_activite, nom_activite, domaine, date_activite) values (20, 'Regrant', 'Carex muehlenbergii Schkuhr ex Willd.', '2021/05/07');
insert into activites (id_activite, nom_activite, domaine, date_activite) values (21, 'Cardguard', 'Stictocardia Hallier f.', '2020/05/01');
insert into activites (id_activite, nom_activite, domaine, date_activite) values (22, 'Lotstring', 'Allium scorodoprasum L.', '2020/01/19');
insert into activites (id_activite, nom_activite, domaine, date_activite) values (23, 'Greenlam', 'Yucca constricta Buckley', '2020/04/04');
insert into activites (id_activite, nom_activite, domaine, date_activite) values (24, 'Redhold', 'Orochaenactis thysanocarpha (A. Gray) Coville', '2019/11/12');
insert into activites (id_activite, nom_activite, domaine, date_activite) values (25, 'Vagram', 'Betula populifolia Marshall', '2017/07/29');
insert into activites (id_activite, nom_activite, domaine, date_activite) values (26, 'Keylex', 'Cryptantha barnebyi I.M. Johnst.', '2017/06/01');
insert into activites (id_activite, nom_activite, domaine, date_activite) values (27, 'Viva', 'Lupinus hillii Greene var. osterhoutianus (C.P. Sm.) Harmon', '2019/06/14');
insert into activites (id_activite, nom_activite, domaine, date_activite) values (28, 'Prodder', 'Polygala rusbyi Greene', '2021/04/19');
insert into activites (id_activite, nom_activite, domaine, date_activite) values (29, 'Y-Solowarm', 'Mecardonia procumbens (Mill.) Small', '2018/01/31');
insert into activites (id_activite, nom_activite, domaine, date_activite) values (30, 'Subin', 'Tagetes micrantha Cav.', '2022/02/07');
insert into activites (id_activite, nom_activite, domaine, date_activite) values (31, 'Mat Lam Tam', 'Choisya dumosa (Torr.) A. Gray var. mollis (Standl.) L.D. Benson', '2022/02/27');
insert into activites (id_activite, nom_activite, domaine, date_activite) values (32, 'Zamit', 'Camissonia claviformis (Torr. & Frm.) P.H. Raven ssp. peirsonii (Munz) P.H. Raven', '2018/12/13');
insert into activites (id_activite, nom_activite, domaine, date_activite) values (33, 'Greenlam', 'Sida jamaicensis L.', '2018/06/12');
insert into activites (id_activite, nom_activite, domaine, date_activite) values (34, 'Kanlam', 'Danaea Sm.', '2022/04/03');
insert into activites (id_activite, nom_activite, domaine, date_activite) values (35, 'Keylex', 'Frasera paniculata Torr.', '2017/12/27');
insert into activites (id_activite, nom_activite, domaine, date_activite) values (36, 'Latlux', 'Hygrophila corymbosa (Blume) Lindau', '2020/09/13');
insert into activites (id_activite, nom_activite, domaine, date_activite) values (37, 'Andalax', 'Cleome gynandra L.', '2020/02/27');
insert into activites (id_activite, nom_activite, domaine, date_activite) values (38, 'Hatity', 'Paronychia lindheimeri Engelm. ex A. Gray var. lindheimeri', '2018/07/23');
insert into activites (id_activite, nom_activite, domaine, date_activite) values (39, 'Regrant', 'Corylus heterophylla Fisch. ex Trautv.', '2019/03/05');
insert into activites (id_activite, nom_activite, domaine, date_activite) values (40, 'Hatity', 'Tolmiea menziesii (Pursh) Torr. & A. Gray', '2018/08/31');
insert into activites (id_activite, nom_activite, domaine, date_activite) values (41, 'Y-Solowarm', 'Kirschsteiniothelia maritima (Linder) D. Hawksw.', '2018/09/07');
insert into activites (id_activite, nom_activite, domaine, date_activite) values (42, 'Alpha', 'Phalacroseris bolanderi A. Gray var. coronata H.M. Hall', '2019/09/25');
insert into activites (id_activite, nom_activite, domaine, date_activite) values (43, 'Subin', 'Argyrochosma jonesii (Maxon) Windham', '2018/07/21');
insert into activites (id_activite, nom_activite, domaine, date_activite) values (44, 'Flowdesk', 'Triumfetta tomentosa Bojer', '2019/08/20');
insert into activites (id_activite, nom_activite, domaine, date_activite) values (45, 'Ronstring', 'Hackelia deflexa (Wahlenb.) Opiz var. americana (A. Gray) Fernald & I.M. Johnst.', '2018/01/31');
insert into activites (id_activite, nom_activite, domaine, date_activite) values (46, 'Temp', 'Scabiosa palaestrina L.', '2021/11/05');
insert into activites (id_activite, nom_activite, domaine, date_activite) values (47, 'Job', 'Crotalaria lotifolia L.', '2017/10/11');
insert into activites (id_activite, nom_activite, domaine, date_activite) values (48, 'Y-find', 'Croton michauxii G.L. Webster', '2021/03/01');
insert into activites (id_activite, nom_activite, domaine, date_activite) values (49, 'Sonair', 'Catillaria jemtlandica Th. Fr. & Almq.', '2018/05/10');
insert into activites (id_activite, nom_activite, domaine, date_activite) values (50, 'Otcom', 'Arabis pinzliae Rollins', '2020/12/17');
insert into activites (id_activite, nom_activite, domaine, date_activite) values (51, 'Aerified', 'Rubus hanesii L.H. Bailey', '2018/02/04');
insert into activites (id_activite, nom_activite, domaine, date_activite) values (52, 'Tres-Zap', 'Suriana maritima L.', '2020/09/19');
insert into activites (id_activite, nom_activite, domaine, date_activite) values (53, 'Subin', 'Eugeissona utilis Becc.', '2019/06/15');
insert into activites (id_activite, nom_activite, domaine, date_activite) values (54, 'Bitwolf', 'Erythronium grandiflorum Pursh', '2017/05/17');
insert into activites (id_activite, nom_activite, domaine, date_activite) values (55, 'Zathin', 'Anemone parviflora Michx. var. parviflora', '2017/07/23');
insert into activites (id_activite, nom_activite, domaine, date_activite) values (56, 'Zoolab', 'Syrrhopodon incompletus Schwgr.', '2021/09/12');
insert into activites (id_activite, nom_activite, domaine, date_activite) values (57, 'Voltsillam', 'Dichanthium Willem.', '2019/06/12');
insert into activites (id_activite, nom_activite, domaine, date_activite) values (58, 'Alpha', 'Perityle bisetosa (Torr. ex A. Gray) Shinners var. bisetosa', '2019/05/30');
insert into activites (id_activite, nom_activite, domaine, date_activite) values (59, 'Kanlam', 'Phlox peckii Wherry, nom_activite. inq.', '2019/02/14');
insert into activites (id_activite, nom_activite, domaine, date_activite) values (60, 'Cardguard', 'Spiraea tomentosa L.', '2019/06/01');
insert into activites (id_activite, nom_activite, domaine, date_activite) values (61, 'Pannier', 'Barringtonia J.R. Forst. & G. Forst.', '2019/10/10');
insert into activites (id_activite, nom_activite, domaine, date_activite) values (62, 'Alpha', 'Verbena carolina L.', '2019/10/15');
insert into activites (id_activite, nom_activite, domaine, date_activite) values (63, 'Y-find', 'Verbena californica Moldenke', '2018/08/24');
insert into activites (id_activite, nom_activite, domaine, date_activite) values (64, 'Viva', 'Paspalum prostratum Scribn. & Merr.', '2017/10/11');
insert into activites (id_activite, nom_activite, domaine, date_activite) values (65, 'Domainer', 'Hibiscus acetosella Welw. ex Hiern.', '2020/11/25');
insert into activites (id_activite, nom_activite, domaine, date_activite) values (66, 'Rank', 'Solidago altissima L.', '2021/02/13');
insert into activites (id_activite, nom_activite, domaine, date_activite) values (67, 'Andalax', 'Bulbostylis ciliatifolia (Elliott) Fernald', '2021/05/14');
insert into activites (id_activite, nom_activite, domaine, date_activite) values (68, 'Lotlux', 'Zizania latifolia (Griseb.) Turcz. ex Stapf', '2018/01/12');
insert into activites (id_activite, nom_activite, domaine, date_activite) values (69, 'Bytecard', 'Sphaeralcea A. St.-Hil.', '2018/02/16');
insert into activites (id_activite, nom_activite, domaine, date_activite) values (70, 'Wrapsafe', 'Solidago albopilosa E.L. Braun', '2021/01/21');
insert into activites (id_activite, nom_activite, domaine, date_activite) values (71, 'Y-find', 'Heuchera micrantha Douglas ex Lindl. var. erubescens (A. Braun & Bouch) Rosend.', '2021/02/25');
insert into activites (id_activite, nom_activite, domaine, date_activite) values (72, 'Sonsing', 'Hypotrachyna showmanii Hale', '2018/08/13');
insert into activites (id_activite, nom_activite, domaine, date_activite) values (73, 'Namfix', 'Anemone drummondii S. Watson ssp. heimburgeri . Lve & D. Lve', '2019/08/08');
insert into activites (id_activite, nom_activite, domaine, date_activite) values (74, 'Bitwolf', 'Hobsonia Massee', '2022/04/01');
insert into activites (id_activite, nom_activite, domaine, date_activite) values (75, 'Temp', 'Echinodorus bolivianus (Rusby) Holm-Niesen', '2019/07/26');
insert into activites (id_activite, nom_activite, domaine, date_activite) values (76, 'Wrapsafe', 'Potentilla neumanniana Rchb.', '2021/10/09');
insert into activites (id_activite, nom_activite, domaine, date_activite) values (77, 'Cardify', 'Artemisia ludoviciana Nutt. ssp. estesii K.L. Chambers', '2021/01/29');
insert into activites (id_activite, nom_activite, domaine, date_activite) values (78, 'Ventosanzap', 'Phaeographina quassiaecola (Fe) Mll. Arg.', '2021/05/25');
insert into activites (id_activite, nom_activite, domaine, date_activite) values (79, 'Kanlam', 'Vitis L.', '2018/04/15');
insert into activites (id_activite, nom_activite, domaine, date_activite) values (80, 'Mat Lam Tam', 'Minuartia tenella (Nutt.) Mattf.', '2017/12/29');
insert into activites (id_activite, nom_activite, domaine, date_activite) values (81, 'Y-find', 'Andreaea nivalis Hook.', '2020/01/27');
insert into activites (id_activite, nom_activite, domaine, date_activite) values (82, 'Sonsing', 'Sagittaria graminea Michx.', '2019/05/13');
insert into activites (id_activite, nom_activite, domaine, date_activite) values (83, 'Fixflex', 'Artemisia porteri Cronquist', '2017/12/11');
insert into activites (id_activite, nom_activite, domaine, date_activite) values (84, 'Temp', 'Cuscuta compacta Juss. ex Choisy var. efimbriata Yunck.', '2021/09/14');
insert into activites (id_activite, nom_activite, domaine, date_activite) values (85, 'Namfix', 'Trachyspermum Link', '2021/08/13');
insert into activites (id_activite, nom_activite, domaine, date_activite) values (86, 'Subin', 'Kokia Lewt.', '2021/09/09');
insert into activites (id_activite, nom_activite, domaine, date_activite) values (87, 'Domainer', 'Sarracenia naczii Mellich.', '2019/06/03');
insert into activites (id_activite, nom_activite, domaine, date_activite) values (88, 'Tin', 'Calystegia longipes (S. Watson) Brummitt', '2019/02/25');
insert into activites (id_activite, nom_activite, domaine, date_activite) values (89, 'Ronstring', 'Solanum xanti A. Gray', '2019/08/27');
insert into activites (id_activite, nom_activite, domaine, date_activite) values (90, 'Gembucket', 'Stenogyne Benth.', '2018/03/07');
insert into activites (id_activite, nom_activite, domaine, date_activite) values (91, 'Konklux', 'Bromus briziformis Fisch. & C.A. Mey.', '2019/07/14');
insert into activites (id_activite, nom_activite, domaine, date_activite) values (92, 'Asoka', 'Senecio fremontii Torr. & A. Gray var. blitoides (Greene) Cronquist', '2017/06/27');
insert into activites (id_activite, nom_activite, domaine, date_activite) values (93, 'Namfix', 'Arrhenatherum elatius (L.) P. Beauv. ex J. Presl & C. Presl var. elatius', '2021/10/16');
insert into activites (id_activite, nom_activite, domaine, date_activite) values (94, 'Konklab', 'Heterocyphelium Vain.', '2019/03/05');
insert into activites (id_activite, nom_activite, domaine, date_activite) values (95, 'Bitchip', 'Acacia constricta Benth.', '2021/01/09');
insert into activites (id_activite, nom_activite, domaine, date_activite) values (96, 'Tresom', 'Allocasuarina paludosa (Sieber ex Spreng.) L.A.S. Johnson', '2020/03/02');
insert into activites (id_activite, nom_activite, domaine, date_activite) values (97, 'Latlux', 'Alysicarpus ovalifolius (Schumach.) J. Lonard', '2020/03/11');
insert into activites (id_activite, nom_activite, domaine, date_activite) values (98, 'Span', 'Clarkia Pursh', '2020/05/22');
insert into activites (id_activite, nom_activite, domaine, date_activite) values (99, 'Hatity', 'Manihot tristis Mll. Arg.', '2019/01/27');
insert into activites (id_activite, nom_activite, domaine, date_activite) values (100, 'It', 'Streptopus lanceolatus (Aiton) Reveal', '2018/08/08');



#### insert into mendiant_activite
insert into mendiant_activites (id_mendiant, id_activite) values (982, 56);
insert into mendiant_activites (id_mendiant, id_activite) values (436, 86);
insert into mendiant_activites (id_mendiant, id_activite) values (363, 81);
insert into mendiant_activites (id_mendiant, id_activite) values (452, 80);
insert into mendiant_activites (id_mendiant, id_activite) values (867, 63);
insert into mendiant_activites (id_mendiant, id_activite) values (687, 100);
insert into mendiant_activites (id_mendiant, id_activite) values (161, 28);
insert into mendiant_activites (id_mendiant, id_activite) values (974, 24);
insert into mendiant_activites (id_mendiant, id_activite) values (249, 90);
insert into mendiant_activites (id_mendiant, id_activite) values (379, 7);
insert into mendiant_activites (id_mendiant, id_activite) values (582, 75);
insert into mendiant_activites (id_mendiant, id_activite) values (304, 62);
insert into mendiant_activites (id_mendiant, id_activite) values (680, 61);
insert into mendiant_activites (id_mendiant, id_activite) values (394, 16);
insert into mendiant_activites (id_mendiant, id_activite) values (284, 40);
insert into mendiant_activites (id_mendiant, id_activite) values (352, 62);
insert into mendiant_activites (id_mendiant, id_activite) values (624, 13);
insert into mendiant_activites (id_mendiant, id_activite) values (672, 88);
insert into mendiant_activites (id_mendiant, id_activite) values (843, 56);
insert into mendiant_activites (id_mendiant, id_activite) values (985, 84);
insert into mendiant_activites (id_mendiant, id_activite) values (609, 47);
insert into mendiant_activites (id_mendiant, id_activite) values (15, 55);
insert into mendiant_activites (id_mendiant, id_activite) values (883, 15);
insert into mendiant_activites (id_mendiant, id_activite) values (28, 38);
insert into mendiant_activites (id_mendiant, id_activite) values (636, 71);
insert into mendiant_activites (id_mendiant, id_activite) values (913, 16);
insert into mendiant_activites (id_mendiant, id_activite) values (774, 5);
insert into mendiant_activites (id_mendiant, id_activite) values (813, 35);
insert into mendiant_activites (id_mendiant, id_activite) values (750, 62);
insert into mendiant_activites (id_mendiant, id_activite) values (75, 78);
insert into mendiant_activites (id_mendiant, id_activite) values (101, 18);
insert into mendiant_activites (id_mendiant, id_activite) values (256, 89);
insert into mendiant_activites (id_mendiant, id_activite) values (154, 90);
insert into mendiant_activites (id_mendiant, id_activite) values (628, 24);
insert into mendiant_activites (id_mendiant, id_activite) values (460, 79);
insert into mendiant_activites (id_mendiant, id_activite) values (173, 44);
insert into mendiant_activites (id_mendiant, id_activite) values (518, 78);
insert into mendiant_activites (id_mendiant, id_activite) values (669, 1);
insert into mendiant_activites (id_mendiant, id_activite) values (497, 33);
insert into mendiant_activites (id_mendiant, id_activite) values (826, 34);
insert into mendiant_activites (id_mendiant, id_activite) values (444, 28);
insert into mendiant_activites (id_mendiant, id_activite) values (592, 78);
insert into mendiant_activites (id_mendiant, id_activite) values (113, 71);
insert into mendiant_activites (id_mendiant, id_activite) values (394, 30);
insert into mendiant_activites (id_mendiant, id_activite) values (499, 76);
insert into mendiant_activites (id_mendiant, id_activite) values (711, 14);
insert into mendiant_activites (id_mendiant, id_activite) values (599, 59);
insert into mendiant_activites (id_mendiant, id_activite) values (351, 80);
insert into mendiant_activites (id_mendiant, id_activite) values (219, 39);
insert into mendiant_activites (id_mendiant, id_activite) values (516, 3);
insert into mendiant_activites (id_mendiant, id_activite) values (859, 90);
insert into mendiant_activites (id_mendiant, id_activite) values (542, 25);
insert into mendiant_activites (id_mendiant, id_activite) values (934, 8);
insert into mendiant_activites (id_mendiant, id_activite) values (905, 57);
insert into mendiant_activites (id_mendiant, id_activite) values (816, 38);
insert into mendiant_activites (id_mendiant, id_activite) values (573, 65);
insert into mendiant_activites (id_mendiant, id_activite) values (944, 35);
insert into mendiant_activites (id_mendiant, id_activite) values (566, 24);
insert into mendiant_activites (id_mendiant, id_activite) values (541, 100);
insert into mendiant_activites (id_mendiant, id_activite) values (189, 31);
insert into mendiant_activites (id_mendiant, id_activite) values (561, 84);
insert into mendiant_activites (id_mendiant, id_activite) values (615, 14);
insert into mendiant_activites (id_mendiant, id_activite) values (369, 47);
insert into mendiant_activites (id_mendiant, id_activite) values (841, 42);
insert into mendiant_activites (id_mendiant, id_activite) values (226, 83);
insert into mendiant_activites (id_mendiant, id_activite) values (730, 54);
insert into mendiant_activites (id_mendiant, id_activite) values (781, 49);
insert into mendiant_activites (id_mendiant, id_activite) values (33, 36);
insert into mendiant_activites (id_mendiant, id_activite) values (380, 48);
insert into mendiant_activites (id_mendiant, id_activite) values (222, 76);
insert into mendiant_activites (id_mendiant, id_activite) values (628, 86);
insert into mendiant_activites (id_mendiant, id_activite) values (256, 14);
insert into mendiant_activites (id_mendiant, id_activite) values (224, 10);
insert into mendiant_activites (id_mendiant, id_activite) values (675, 76);
insert into mendiant_activites (id_mendiant, id_activite) values (652, 5);
insert into mendiant_activites (id_mendiant, id_activite) values (176, 77);
insert into mendiant_activites (id_mendiant, id_activite) values (92, 29);
insert into mendiant_activites (id_mendiant, id_activite) values (792, 55);
insert into mendiant_activites (id_mendiant, id_activite) values (203, 97);
insert into mendiant_activites (id_mendiant, id_activite) values (80, 34);
insert into mendiant_activites (id_mendiant, id_activite) values (272, 93);
insert into mendiant_activites (id_mendiant, id_activite) values (967, 38);
insert into mendiant_activites (id_mendiant, id_activite) values (490, 22);
insert into mendiant_activites (id_mendiant, id_activite) values (897, 46);
insert into mendiant_activites (id_mendiant, id_activite) values (701, 79);
insert into mendiant_activites (id_mendiant, id_activite) values (527, 75);
insert into mendiant_activites (id_mendiant, id_activite) values (578, 46);
insert into mendiant_activites (id_mendiant, id_activite) values (162, 82);
insert into mendiant_activites (id_mendiant, id_activite) values (280, 64);
insert into mendiant_activites (id_mendiant, id_activite) values (695, 39);
insert into mendiant_activites (id_mendiant, id_activite) values (943, 86);
insert into mendiant_activites (id_mendiant, id_activite) values (173, 54);
insert into mendiant_activites (id_mendiant, id_activite) values (525, 98);
insert into mendiant_activites (id_mendiant, id_activite) values (130, 68);
insert into mendiant_activites (id_mendiant, id_activite) values (846, 21);
insert into mendiant_activites (id_mendiant, id_activite) values (70, 5);
insert into mendiant_activites (id_mendiant, id_activite) values (749, 37);
insert into mendiant_activites (id_mendiant, id_activite) values (149, 19);
insert into mendiant_activites (id_mendiant, id_activite) values (246, 74);
insert into mendiant_activites (id_mendiant, id_activite) values (722, 82);
insert into mendiant_activites (id_mendiant, id_activite) values (230, 95);
insert into mendiant_activites (id_mendiant, id_activite) values (395, 39);
insert into mendiant_activites (id_mendiant, id_activite) values (729, 4);
insert into mendiant_activites (id_mendiant, id_activite) values (11, 67);
insert into mendiant_activites (id_mendiant, id_activite) values (428, 67);
insert into mendiant_activites (id_mendiant, id_activite) values (480, 31);
insert into mendiant_activites (id_mendiant, id_activite) values (190, 91);
insert into mendiant_activites (id_mendiant, id_activite) values (766, 37);
insert into mendiant_activites (id_mendiant, id_activite) values (619, 11);
insert into mendiant_activites (id_mendiant, id_activite) values (482, 60);
insert into mendiant_activites (id_mendiant, id_activite) values (482, 92);
insert into mendiant_activites (id_mendiant, id_activite) values (582, 97);
insert into mendiant_activites (id_mendiant, id_activite) values (746, 25);
insert into mendiant_activites (id_mendiant, id_activite) values (597, 62);
insert into mendiant_activites (id_mendiant, id_activite) values (28, 16);
insert into mendiant_activites (id_mendiant, id_activite) values (536, 16);
insert into mendiant_activites (id_mendiant, id_activite) values (977, 26);
insert into mendiant_activites (id_mendiant, id_activite) values (963, 14);
insert into mendiant_activites (id_mendiant, id_activite) values (130, 34);
insert into mendiant_activites (id_mendiant, id_activite) values (702, 54);
insert into mendiant_activites (id_mendiant, id_activite) values (37, 31);
insert into mendiant_activites (id_mendiant, id_activite) values (560, 57);
insert into mendiant_activites (id_mendiant, id_activite) values (579, 79);
insert into mendiant_activites (id_mendiant, id_activite) values (435, 51);
insert into mendiant_activites (id_mendiant, id_activite) values (188, 97);
insert into mendiant_activites (id_mendiant, id_activite) values (601, 86);
insert into mendiant_activites (id_mendiant, id_activite) values (476, 64);
insert into mendiant_activites (id_mendiant, id_activite) values (741, 60);
insert into mendiant_activites (id_mendiant, id_activite) values (485, 91);
insert into mendiant_activites (id_mendiant, id_activite) values (173, 66);
insert into mendiant_activites (id_mendiant, id_activite) values (804, 79);
insert into mendiant_activites (id_mendiant, id_activite) values (8, 15);
insert into mendiant_activites (id_mendiant, id_activite) values (408, 31);
insert into mendiant_activites (id_mendiant, id_activite) values (400, 52);
insert into mendiant_activites (id_mendiant, id_activite) values (189, 32);
insert into mendiant_activites (id_mendiant, id_activite) values (585, 23);
insert into mendiant_activites (id_mendiant, id_activite) values (808, 98);
insert into mendiant_activites (id_mendiant, id_activite) values (585, 48);
insert into mendiant_activites (id_mendiant, id_activite) values (610, 90);
insert into mendiant_activites (id_mendiant, id_activite) values (855, 51);
insert into mendiant_activites (id_mendiant, id_activite) values (589, 30);
insert into mendiant_activites (id_mendiant, id_activite) values (643, 48);
insert into mendiant_activites (id_mendiant, id_activite) values (115, 23);
insert into mendiant_activites (id_mendiant, id_activite) values (19, 94);
insert into mendiant_activites (id_mendiant, id_activite) values (461, 36);
insert into mendiant_activites (id_mendiant, id_activite) values (312, 51);
insert into mendiant_activites (id_mendiant, id_activite) values (347, 4);
insert into mendiant_activites (id_mendiant, id_activite) values (810, 23);
insert into mendiant_activites (id_mendiant, id_activite) values (971, 4);
insert into mendiant_activites (id_mendiant, id_activite) values (656, 28);
insert into mendiant_activites (id_mendiant, id_activite) values (490, 27);
insert into mendiant_activites (id_mendiant, id_activite) values (443, 13);
insert into mendiant_activites (id_mendiant, id_activite) values (586, 57);
insert into mendiant_activites (id_mendiant, id_activite) values (627, 27);
insert into mendiant_activites (id_mendiant, id_activite) values (951, 77);
insert into mendiant_activites (id_mendiant, id_activite) values (692, 19);
insert into mendiant_activites (id_mendiant, id_activite) values (1000, 76);
insert into mendiant_activites (id_mendiant, id_activite) values (577, 71);
insert into mendiant_activites (id_mendiant, id_activite) values (236, 15);
insert into mendiant_activites (id_mendiant, id_activite) values (966, 96);
insert into mendiant_activites (id_mendiant, id_activite) values (428, 20);
insert into mendiant_activites (id_mendiant, id_activite) values (180, 82);
insert into mendiant_activites (id_mendiant, id_activite) values (209, 2);
insert into mendiant_activites (id_mendiant, id_activite) values (839, 2);
insert into mendiant_activites (id_mendiant, id_activite) values (984, 81);
insert into mendiant_activites (id_mendiant, id_activite) values (896, 87);
insert into mendiant_activites (id_mendiant, id_activite) values (265, 62);
insert into mendiant_activites (id_mendiant, id_activite) values (206, 40);
insert into mendiant_activites (id_mendiant, id_activite) values (830, 25);
insert into mendiant_activites (id_mendiant, id_activite) values (463, 95);
insert into mendiant_activites (id_mendiant, id_activite) values (160, 30);
insert into mendiant_activites (id_mendiant, id_activite) values (420, 59);
insert into mendiant_activites (id_mendiant, id_activite) values (300, 89);
insert into mendiant_activites (id_mendiant, id_activite) values (261, 29);
insert into mendiant_activites (id_mendiant, id_activite) values (807, 95);

insert into mendiant_activites (id_mendiant, id_activite) values (554, 74);
insert into mendiant_activites (id_mendiant, id_activite) values (732, 65);
insert into mendiant_activites (id_mendiant, id_activite) values (113, 31);
insert into mendiant_activites (id_mendiant, id_activite) values (523, 36);
insert into mendiant_activites (id_mendiant, id_activite) values (50, 66);
insert into mendiant_activites (id_mendiant, id_activite) values (6, 96);
insert into mendiant_activites (id_mendiant, id_activite) values (27, 32);
insert into mendiant_activites (id_mendiant, id_activite) values (935, 54);
insert into mendiant_activites (id_mendiant, id_activite) values (670, 23);
insert into mendiant_activites (id_mendiant, id_activite) values (289, 3);
insert into mendiant_activites (id_mendiant, id_activite) values (463, 76);
insert into mendiant_activites (id_mendiant, id_activite) values (211, 67);
insert into mendiant_activites (id_mendiant, id_activite) values (379, 60);
insert into mendiant_activites (id_mendiant, id_activite) values (722, 21);
insert into mendiant_activites (id_mendiant, id_activite) values (772, 80);
insert into mendiant_activites (id_mendiant, id_activite) values (791, 10);
insert into mendiant_activites (id_mendiant, id_activite) values (52, 55);
insert into mendiant_activites (id_mendiant, id_activite) values (302, 91);
insert into mendiant_activites (id_mendiant, id_activite) values (553, 91);
insert into mendiant_activites (id_mendiant, id_activite) values (926, 52);
insert into mendiant_activites (id_mendiant, id_activite) values (81, 8);
insert into mendiant_activites (id_mendiant, id_activite) values (435, 97);
insert into mendiant_activites (id_mendiant, id_activite) values (902, 62);
insert into mendiant_activites (id_mendiant, id_activite) values (736, 92);
insert into mendiant_activites (id_mendiant, id_activite) values (474, 53);
insert into mendiant_activites (id_mendiant, id_activite) values (363, 20);
insert into mendiant_activites (id_mendiant, id_activite) values (102, 88);
insert into mendiant_activites (id_mendiant, id_activite) values (607, 96);
insert into mendiant_activites (id_mendiant, id_activite) values (456, 8);
insert into mendiant_activites (id_mendiant, id_activite) values (346, 100);
insert into mendiant_activites (id_mendiant, id_activite) values (259, 68);
insert into mendiant_activites (id_mendiant, id_activite) values (269, 25);
insert into mendiant_activites (id_mendiant, id_activite) values (632, 9);
insert into mendiant_activites (id_mendiant, id_activite) values (374, 1);
insert into mendiant_activites (id_mendiant, id_activite) values (239, 79);
insert into mendiant_activites (id_mendiant, id_activite) values (186, 80);
insert into mendiant_activites (id_mendiant, id_activite) values (119, 53);
insert into mendiant_activites (id_mendiant, id_activite) values (874, 25);
insert into mendiant_activites (id_mendiant, id_activite) values (113, 86);
insert into mendiant_activites (id_mendiant, id_activite) values (106, 45);
insert into mendiant_activites (id_mendiant, id_activite) values (477, 21);
insert into mendiant_activites (id_mendiant, id_activite) values (669, 79);
insert into mendiant_activites (id_mendiant, id_activite) values (227, 87);
insert into mendiant_activites (id_mendiant, id_activite) values (151, 73);
insert into mendiant_activites (id_mendiant, id_activite) values (676, 42);
insert into mendiant_activites (id_mendiant, id_activite) values (450, 32);
insert into mendiant_activites (id_mendiant, id_activite) values (936, 34);
insert into mendiant_activites (id_mendiant, id_activite) values (294, 57);
insert into mendiant_activites (id_mendiant, id_activite) values (481, 72);
insert into mendiant_activites (id_mendiant, id_activite) values (30, 30);
insert into mendiant_activites (id_mendiant, id_activite) values (395, 48);
insert into mendiant_activites (id_mendiant, id_activite) values (811, 62);
insert into mendiant_activites (id_mendiant, id_activite) values (847, 38);
insert into mendiant_activites (id_mendiant, id_activite) values (666, 65);
insert into mendiant_activites (id_mendiant, id_activite) values (671, 96);
insert into mendiant_activites (id_mendiant, id_activite) values (244, 70);
insert into mendiant_activites (id_mendiant, id_activite) values (516, 50);
insert into mendiant_activites (id_mendiant, id_activite) values (556, 50);
insert into mendiant_activites (id_mendiant, id_activite) values (75, 69);
insert into mendiant_activites (id_mendiant, id_activite) values (527, 11);
insert into mendiant_activites (id_mendiant, id_activite) values (207, 100);
insert into mendiant_activites (id_mendiant, id_activite) values (597, 86);
insert into mendiant_activites (id_mendiant, id_activite) values (179, 90);
insert into mendiant_activites (id_mendiant, id_activite) values (743, 35);
insert into mendiant_activites (id_mendiant, id_activite) values (890, 2);
insert into mendiant_activites (id_mendiant, id_activite) values (544, 81);
insert into mendiant_activites (id_mendiant, id_activite) values (618, 60);
insert into mendiant_activites (id_mendiant, id_activite) values (232, 24);
insert into mendiant_activites (id_mendiant, id_activite) values (917, 1);
insert into mendiant_activites (id_mendiant, id_activite) values (288, 15);
insert into mendiant_activites (id_mendiant, id_activite) values (291, 44);
insert into mendiant_activites (id_mendiant, id_activite) values (791, 75);
insert into mendiant_activites (id_mendiant, id_activite) values (583, 35);
insert into mendiant_activites (id_mendiant, id_activite) values (430, 35);
insert into mendiant_activites (id_mendiant, id_activite) values (58, 83);
insert into mendiant_activites (id_mendiant, id_activite) values (59, 21);
insert into mendiant_activites (id_mendiant, id_activite) values (272, 61);
insert into mendiant_activites (id_mendiant, id_activite) values (883, 85);
insert into mendiant_activites (id_mendiant, id_activite) values (566, 88);
insert into mendiant_activites (id_mendiant, id_activite) values (107, 38);
insert into mendiant_activites (id_mendiant, id_activite) values (824, 13);
insert into mendiant_activites (id_mendiant, id_activite) values (15, 75);
insert into mendiant_activites (id_mendiant, id_activite) values (202, 34);
insert into mendiant_activites (id_mendiant, id_activite) values (165, 30);
insert into mendiant_activites (id_mendiant, id_activite) values (789, 99);
insert into mendiant_activites (id_mendiant, id_activite) values (936, 87);
insert into mendiant_activites (id_mendiant, id_activite) values (693, 78);
insert into mendiant_activites (id_mendiant, id_activite) values (407, 84);
insert into mendiant_activites (id_mendiant, id_activite) values (844, 26);
insert into mendiant_activites (id_mendiant, id_activite) values (461, 31);
insert into mendiant_activites (id_mendiant, id_activite) values (837, 15);
insert into mendiant_activites (id_mendiant, id_activite) values (524, 63);
insert into mendiant_activites (id_mendiant, id_activite) values (363, 80);
insert into mendiant_activites (id_mendiant, id_activite) values (885, 10);
insert into mendiant_activites (id_mendiant, id_activite) values (15, 18);
insert into mendiant_activites (id_mendiant, id_activite) values (867, 7);
insert into mendiant_activites (id_mendiant, id_activite) values (14, 69);
insert into mendiant_activites (id_mendiant, id_activite) values (167, 36);
insert into mendiant_activites (id_mendiant, id_activite) values (73, 91);
insert into mendiant_activites (id_mendiant, id_activite) values (666, 35);
insert into mendiant_activites (id_mendiant, id_activite) values (304, 57);
insert into mendiant_activites (id_mendiant, id_activite) values (372, 31);
insert into mendiant_activites (id_mendiant, id_activite) values (301, 43);
insert into mendiant_activites (id_mendiant, id_activite) values (562, 15);
insert into mendiant_activites (id_mendiant, id_activite) values (341, 8);
insert into mendiant_activites (id_mendiant, id_activite) values (425, 46);
insert into mendiant_activites (id_mendiant, id_activite) values (421, 96);
insert into mendiant_activites (id_mendiant, id_activite) values (950, 18);
insert into mendiant_activites (id_mendiant, id_activite) values (636, 42);
insert into mendiant_activites (id_mendiant, id_activite) values (947, 13);
insert into mendiant_activites (id_mendiant, id_activite) values (559, 31);
insert into mendiant_activites (id_mendiant, id_activite) values (294, 50);
insert into mendiant_activites (id_mendiant, id_activite) values (829, 32);
insert into mendiant_activites (id_mendiant, id_activite) values (997, 81);
insert into mendiant_activites (id_mendiant, id_activite) values (375, 41);
insert into mendiant_activites (id_mendiant, id_activite) values (805, 12);
insert into mendiant_activites (id_mendiant, id_activite) values (763, 31);
insert into mendiant_activites (id_mendiant, id_activite) values (750, 7);
insert into mendiant_activites (id_mendiant, id_activite) values (26, 93);
insert into mendiant_activites (id_mendiant, id_activite) values (519, 96);
insert into mendiant_activites (id_mendiant, id_activite) values (647, 100);
insert into mendiant_activites (id_mendiant, id_activite) values (788, 25);
insert into mendiant_activites (id_mendiant, id_activite) values (245, 19);
insert into mendiant_activites (id_mendiant, id_activite) values (132, 14);
insert into mendiant_activites (id_mendiant, id_activite) values (577, 56);
insert into mendiant_activites (id_mendiant, id_activite) values (764, 1);
insert into mendiant_activites (id_mendiant, id_activite) values (147, 25);
insert into mendiant_activites (id_mendiant, id_activite) values (13, 80);
insert into mendiant_activites (id_mendiant, id_activite) values (244, 100);
insert into mendiant_activites (id_mendiant, id_activite) values (753, 34);
insert into mendiant_activites (id_mendiant, id_activite) values (337, 29);
insert into mendiant_activites (id_mendiant, id_activite) values (308, 72);
insert into mendiant_activites (id_mendiant, id_activite) values (656, 11);
insert into mendiant_activites (id_mendiant, id_activite) values (279, 54);
insert into mendiant_activites (id_mendiant, id_activite) values (734, 12);
insert into mendiant_activites (id_mendiant, id_activite) values (164, 84);
insert into mendiant_activites (id_mendiant, id_activite) values (295, 25);
insert into mendiant_activites (id_mendiant, id_activite) values (714, 24);
insert into mendiant_activites (id_mendiant, id_activite) values (369, 89);
insert into mendiant_activites (id_mendiant, id_activite) values (369, 60);
insert into mendiant_activites (id_mendiant, id_activite) values (903, 2);
insert into mendiant_activites (id_mendiant, id_activite) values (633, 95);
insert into mendiant_activites (id_mendiant, id_activite) values (687, 98);
insert into mendiant_activites (id_mendiant, id_activite) values (525, 94);
insert into mendiant_activites (id_mendiant, id_activite) values (958, 36);
insert into mendiant_activites (id_mendiant, id_activite) values (627, 46);
insert into mendiant_activites (id_mendiant, id_activite) values (845, 72);
insert into mendiant_activites (id_mendiant, id_activite) values (185, 73);
insert into mendiant_activites (id_mendiant, id_activite) values (521, 100);
insert into mendiant_activites (id_mendiant, id_activite) values (683, 97);
insert into mendiant_activites (id_mendiant, id_activite) values (905, 53);
insert into mendiant_activites (id_mendiant, id_activite) values (241, 57);
insert into mendiant_activites (id_mendiant, id_activite) values (205, 19);
insert into mendiant_activites (id_mendiant, id_activite) values (945, 98);
insert into mendiant_activites (id_mendiant, id_activite) values (300, 11);
insert into mendiant_activites (id_mendiant, id_activite) values (14, 14);
insert into mendiant_activites (id_mendiant, id_activite) values (379, 62);
insert into mendiant_activites (id_mendiant, id_activite) values (274, 34);
insert into mendiant_activites (id_mendiant, id_activite) values (149, 98);
insert into mendiant_activites (id_mendiant, id_activite) values (915, 71);
insert into mendiant_activites (id_mendiant, id_activite) values (434, 12);
insert into mendiant_activites (id_mendiant, id_activite) values (351, 98);
insert into mendiant_activites (id_mendiant, id_activite) values (84, 31);
insert into mendiant_activites (id_mendiant, id_activite) values (780, 98);
insert into mendiant_activites (id_mendiant, id_activite) values (772, 56);
insert into mendiant_activites (id_mendiant, id_activite) values (28, 51);
insert into mendiant_activites (id_mendiant, id_activite) values (386, 97);
insert into mendiant_activites (id_mendiant, id_activite) values (884, 19);
insert into mendiant_activites (id_mendiant, id_activite) values (384, 99);
insert into mendiant_activites (id_mendiant, id_activite) values (335, 30);
insert into mendiant_activites (id_mendiant, id_activite) values (548, 34);
insert into mendiant_activites (id_mendiant, id_activite) values (322, 5);
insert into mendiant_activites (id_mendiant, id_activite) values (951, 29);
insert into mendiant_activites (id_mendiant, id_activite) values (648, 1);
insert into mendiant_activites (id_mendiant, id_activite) values (321, 53);
insert into mendiant_activites (id_mendiant, id_activite) values (93, 61);
insert into mendiant_activites (id_mendiant, id_activite) values (979, 35);
insert into mendiant_activites (id_mendiant, id_activite) values (947, 74);
insert into mendiant_activites (id_mendiant, id_activite) values (290, 54);
insert into mendiant_activites (id_mendiant, id_activite) values (840, 7);
insert into mendiant_activites (id_mendiant, id_activite) values (828, 45);
insert into mendiant_activites (id_mendiant, id_activite) values (584, 5);
insert into mendiant_activites (id_mendiant, id_activite) values (1, 43);
insert into mendiant_activites (id_mendiant, id_activite) values (747, 8);
insert into mendiant_activites (id_mendiant, id_activite) values (7, 74);
insert into mendiant_activites (id_mendiant, id_activite) values (895, 77);
insert into mendiant_activites (id_mendiant, id_activite) values (290, 67);
insert into mendiant_activites (id_mendiant, id_activite) values (310, 14);
insert into mendiant_activites (id_mendiant, id_activite) values (946, 63);
insert into mendiant_activites (id_mendiant, id_activite) values (838, 77);
insert into mendiant_activites (id_mendiant, id_activite) values (289, 29);
insert into mendiant_activites (id_mendiant, id_activite) values (411, 89);
insert into mendiant_activites (id_mendiant, id_activite) values (371, 50);
insert into mendiant_activites (id_mendiant, id_activite) values (76, 39);
insert into mendiant_activites (id_mendiant, id_activite) values (852, 54);
insert into mendiant_activites (id_mendiant, id_activite) values (932, 32);
insert into mendiant_activites (id_mendiant, id_activite) values (207, 90);
insert into mendiant_activites (id_mendiant, id_activite) values (762, 70);
insert into mendiant_activites (id_mendiant, id_activite) values (505, 59);
insert into mendiant_activites (id_mendiant, id_activite) values (958, 78);
insert into mendiant_activites (id_mendiant, id_activite) values (622, 80);
insert into mendiant_activites (id_mendiant, id_activite) values (267, 33);
insert into mendiant_activites (id_mendiant, id_activite) values (419, 60);
insert into mendiant_activites (id_mendiant, id_activite) values (989, 37);
insert into mendiant_activites (id_mendiant, id_activite) values (377, 1);
insert into mendiant_activites (id_mendiant, id_activite) values (359, 62);
insert into mendiant_activites (id_mendiant, id_activite) values (811, 30);
insert into mendiant_activites (id_mendiant, id_activite) values (511, 77);
insert into mendiant_activites (id_mendiant, id_activite) values (420, 81);
insert into mendiant_activites (id_mendiant, id_activite) values (640, 18);
insert into mendiant_activites (id_mendiant, id_activite) values (267, 31);
insert into mendiant_activites (id_mendiant, id_activite) values (547, 68);
insert into mendiant_activites (id_mendiant, id_activite) values (726, 36);
insert into mendiant_activites (id_mendiant, id_activite) values (710, 95);
insert into mendiant_activites (id_mendiant, id_activite) values (271, 24);
insert into mendiant_activites (id_mendiant, id_activite) values (984, 13);
insert into mendiant_activites (id_mendiant, id_activite) values (169, 81);
insert into mendiant_activites (id_mendiant, id_activite) values (157, 43);
insert into mendiant_activites (id_mendiant, id_activite) values (390, 70);
insert into mendiant_activites (id_mendiant, id_activite) values (639, 49);
insert into mendiant_activites (id_mendiant, id_activite) values (995, 44);
insert into mendiant_activites (id_mendiant, id_activite) values (16, 82);
insert into mendiant_activites (id_mendiant, id_activite) values (701, 63);
insert into mendiant_activites (id_mendiant, id_activite) values (866, 12);
insert into mendiant_activites (id_mendiant, id_activite) values (210, 7);
insert into mendiant_activites (id_mendiant, id_activite) values (114, 68);
insert into mendiant_activites (id_mendiant, id_activite) values (54, 3);
insert into mendiant_activites (id_mendiant, id_activite) values (917, 21);
insert into mendiant_activites (id_mendiant, id_activite) values (563, 47);
insert into mendiant_activites (id_mendiant, id_activite) values (694, 16);
insert into mendiant_activites (id_mendiant, id_activite) values (996, 22);
insert into mendiant_activites (id_mendiant, id_activite) values (329, 47);
insert into mendiant_activites (id_mendiant, id_activite) values (938, 97);
insert into mendiant_activites (id_mendiant, id_activite) values (244, 80);
insert into mendiant_activites (id_mendiant, id_activite) values (902, 81);
insert into mendiant_activites (id_mendiant, id_activite) values (681, 58);
insert into mendiant_activites (id_mendiant, id_activite) values (884, 60);
insert into mendiant_activites (id_mendiant, id_activite) values (200, 70);
insert into mendiant_activites (id_mendiant, id_activite) values (495, 61);
insert into mendiant_activites (id_mendiant, id_activite) values (672, 3);
insert into mendiant_activites (id_mendiant, id_activite) values (516, 2);
insert into mendiant_activites (id_mendiant, id_activite) values (453, 22);
insert into mendiant_activites (id_mendiant, id_activite) values (466, 67);
insert into mendiant_activites (id_mendiant, id_activite) values (457, 62);
insert into mendiant_activites (id_mendiant, id_activite) values (522, 84);
insert into mendiant_activites (id_mendiant, id_activite) values (821, 52);
insert into mendiant_activites (id_mendiant, id_activite) values (766, 93);
insert into mendiant_activites (id_mendiant, id_activite) values (701, 34);
insert into mendiant_activites (id_mendiant, id_activite) values (311, 88);
insert into mendiant_activites (id_mendiant, id_activite) values (206, 85);
insert into mendiant_activites (id_mendiant, id_activite) values (154, 57);
insert into mendiant_activites (id_mendiant, id_activite) values (432, 57);
insert into mendiant_activites (id_mendiant, id_activite) values (596, 72);
insert into mendiant_activites (id_mendiant, id_activite) values (264, 79);
insert into mendiant_activites (id_mendiant, id_activite) values (168, 80);
insert into mendiant_activites (id_mendiant, id_activite) values (395, 36);
insert into mendiant_activites (id_mendiant, id_activite) values (686, 82);
insert into mendiant_activites (id_mendiant, id_activite) values (805, 27);
insert into mendiant_activites (id_mendiant, id_activite) values (602, 27);
insert into mendiant_activites (id_mendiant, id_activite) values (435, 71);
insert into mendiant_activites (id_mendiant, id_activite) values (453, 57);
insert into mendiant_activites (id_mendiant, id_activite) values (896, 90);
insert into mendiant_activites (id_mendiant, id_activite) values (319, 69);
insert into mendiant_activites (id_mendiant, id_activite) values (905, 73);
insert into mendiant_activites (id_mendiant, id_activite) values (721, 18);
insert into mendiant_activites (id_mendiant, id_activite) values (752, 91);
insert into mendiant_activites (id_mendiant, id_activite) values (946, 83);
insert into mendiant_activites (id_mendiant, id_activite) values (783, 23);
insert into mendiant_activites (id_mendiant, id_activite) values (240, 74);
insert into mendiant_activites (id_mendiant, id_activite) values (726, 7);
insert into mendiant_activites (id_mendiant, id_activite) values (309, 33);
insert into mendiant_activites (id_mendiant, id_activite) values (798, 72);
insert into mendiant_activites (id_mendiant, id_activite) values (416, 40);
insert into mendiant_activites (id_mendiant, id_activite) values (932, 26);
insert into mendiant_activites (id_mendiant, id_activite) values (647, 38);
insert into mendiant_activites (id_mendiant, id_activite) values (240, 60);
insert into mendiant_activites (id_mendiant, id_activite) values (946, 39);
insert into mendiant_activites (id_mendiant, id_activite) values (885, 26);
insert into mendiant_activites (id_mendiant, id_activite) values (707, 84);
insert into mendiant_activites (id_mendiant, id_activite) values (398, 43);
insert into mendiant_activites (id_mendiant, id_activite) values (532, 98);
insert into mendiant_activites (id_mendiant, id_activite) values (745, 77);
insert into mendiant_activites (id_mendiant, id_activite) values (548, 70);
insert into mendiant_activites (id_mendiant, id_activite) values (693, 71);
insert into mendiant_activites (id_mendiant, id_activite) values (928, 51);
insert into mendiant_activites (id_mendiant, id_activite) values (894, 14);
insert into mendiant_activites (id_mendiant, id_activite) values (876, 26);
insert into mendiant_activites (id_mendiant, id_activite) values (983, 34);
insert into mendiant_activites (id_mendiant, id_activite) values (529, 32);
insert into mendiant_activites (id_mendiant, id_activite) values (156, 85);
insert into mendiant_activites (id_mendiant, id_activite) values (661, 98);
insert into mendiant_activites (id_mendiant, id_activite) values (125, 67);
insert into mendiant_activites (id_mendiant, id_activite) values (446, 91);
insert into mendiant_activites (id_mendiant, id_activite) values (238, 78);
insert into mendiant_activites (id_mendiant, id_activite) values (883, 67);
insert into mendiant_activites (id_mendiant, id_activite) values (553, 25);
insert into mendiant_activites (id_mendiant, id_activite) values (661, 34);
insert into mendiant_activites (id_mendiant, id_activite) values (749, 69);
insert into mendiant_activites (id_mendiant, id_activite) values (907, 90);
insert into mendiant_activites (id_mendiant, id_activite) values (840, 27);
insert into mendiant_activites (id_mendiant, id_activite) values (987, 8);
insert into mendiant_activites (id_mendiant, id_activite) values (124, 76);
insert into mendiant_activites (id_mendiant, id_activite) values (354, 27);
insert into mendiant_activites (id_mendiant, id_activite) values (396, 76);
insert into mendiant_activites (id_mendiant, id_activite) values (148, 80);
insert into mendiant_activites (id_mendiant, id_activite) values (216, 38);
insert into mendiant_activites (id_mendiant, id_activite) values (372, 81);
insert into mendiant_activites (id_mendiant, id_activite) values (298, 63);
insert into mendiant_activites (id_mendiant, id_activite) values (36, 64);
insert into mendiant_activites (id_mendiant, id_activite) values (907, 27);
insert into mendiant_activites (id_mendiant, id_activite) values (781, 23);
insert into mendiant_activites (id_mendiant, id_activite) values (462, 62);
insert into mendiant_activites (id_mendiant, id_activite) values (301, 69);
insert into mendiant_activites (id_mendiant, id_activite) values (58, 39);
insert into mendiant_activites (id_mendiant, id_activite) values (717, 87);
insert into mendiant_activites (id_mendiant, id_activite) values (573, 78);
insert into mendiant_activites (id_mendiant, id_activite) values (436, 93);
insert into mendiant_activites (id_mendiant, id_activite) values (955, 76);
insert into mendiant_activites (id_mendiant, id_activite) values (301, 18);
insert into mendiant_activites (id_mendiant, id_activite) values (301, 5);
insert into mendiant_activites (id_mendiant, id_activite) values (938, 51);
insert into mendiant_activites (id_mendiant, id_activite) values (895, 92);
insert into mendiant_activites (id_mendiant, id_activite) values (128, 76);
insert into mendiant_activites (id_mendiant, id_activite) values (914, 9);
insert into mendiant_activites (id_mendiant, id_activite) values (98, 6);
insert into mendiant_activites (id_mendiant, id_activite) values (43, 15);
insert into mendiant_activites (id_mendiant, id_activite) values (928, 37);
insert into mendiant_activites (id_mendiant, id_activite) values (44, 92);
insert into mendiant_activites (id_mendiant, id_activite) values (245, 77);
insert into mendiant_activites (id_mendiant, id_activite) values (719, 74);
insert into mendiant_activites (id_mendiant, id_activite) values (706, 18);
insert into mendiant_activites (id_mendiant, id_activite) values (949, 15);
insert into mendiant_activites (id_mendiant, id_activite) values (657, 92);
insert into mendiant_activites (id_mendiant, id_activite) values (448, 45);
insert into mendiant_activites (id_mendiant, id_activite) values (355, 74);
insert into mendiant_activites (id_mendiant, id_activite) values (246, 81);
insert into mendiant_activites (id_mendiant, id_activite) values (456, 93);
insert into mendiant_activites (id_mendiant, id_activite) values (116, 96);
insert into mendiant_activites (id_mendiant, id_activite) values (858, 1);
insert into mendiant_activites (id_mendiant, id_activite) values (370, 25);
insert into mendiant_activites (id_mendiant, id_activite) values (761, 90);
insert into mendiant_activites (id_mendiant, id_activite) values (400, 4);
insert into mendiant_activites (id_mendiant, id_activite) values (679, 70);
insert into mendiant_activites (id_mendiant, id_activite) values (591, 55);
insert into mendiant_activites (id_mendiant, id_activite) values (47, 73);
insert into mendiant_activites (id_mendiant, id_activite) values (401, 3);
insert into mendiant_activites (id_mendiant, id_activite) values (385, 36);
insert into mendiant_activites (id_mendiant, id_activite) values (6, 1);
insert into mendiant_activites (id_mendiant, id_activite) values (558, 10);
insert into mendiant_activites (id_mendiant, id_activite) values (221, 94);
insert into mendiant_activites (id_mendiant, id_activite) values (667, 3);
insert into mendiant_activites (id_mendiant, id_activite) values (583, 67);
insert into mendiant_activites (id_mendiant, id_activite) values (39, 83);
insert into mendiant_activites (id_mendiant, id_activite) values (517, 56);
insert into mendiant_activites (id_mendiant, id_activite) values (796, 87);
insert into mendiant_activites (id_mendiant, id_activite) values (407, 58);
insert into mendiant_activites (id_mendiant, id_activite) values (480, 37);
insert into mendiant_activites (id_mendiant, id_activite) values (611, 29);
insert into mendiant_activites (id_mendiant, id_activite) values (278, 14);
insert into mendiant_activites (id_mendiant, id_activite) values (420, 93);
insert into mendiant_activites (id_mendiant, id_activite) values (176, 68);
insert into mendiant_activites (id_mendiant, id_activite) values (676, 26);
insert into mendiant_activites (id_mendiant, id_activite) values (166, 43);
insert into mendiant_activites (id_mendiant, id_activite) values (523, 91);
insert into mendiant_activites (id_mendiant, id_activite) values (622, 73);
insert into mendiant_activites (id_mendiant, id_activite) values (151, 80);
insert into mendiant_activites (id_mendiant, id_activite) values (99, 59);
insert into mendiant_activites (id_mendiant, id_activite) values (43, 23);
insert into mendiant_activites (id_mendiant, id_activite) values (292, 87);
insert into mendiant_activites (id_mendiant, id_activite) values (363, 26);
insert into mendiant_activites (id_mendiant, id_activite) values (432, 79);
insert into mendiant_activites (id_mendiant, id_activite) values (210, 29);
insert into mendiant_activites (id_mendiant, id_activite) values (560, 58);
insert into mendiant_activites (id_mendiant, id_activite) values (371, 76);
insert into mendiant_activites (id_mendiant, id_activite) values (189, 15);
insert into mendiant_activites (id_mendiant, id_activite) values (350, 80);
insert into mendiant_activites (id_mendiant, id_activite) values (558, 95);
insert into mendiant_activites (id_mendiant, id_activite) values (207, 28);
insert into mendiant_activites (id_mendiant, id_activite) values (260, 62);
insert into mendiant_activites (id_mendiant, id_activite) values (489, 5);
insert into mendiant_activites (id_mendiant, id_activite) values (123, 99);
insert into mendiant_activites (id_mendiant, id_activite) values (237, 97);
insert into mendiant_activites (id_mendiant, id_activite) values (171, 72);
insert into mendiant_activites (id_mendiant, id_activite) values (63, 89);
insert into mendiant_activites (id_mendiant, id_activite) values (827, 96);
insert into mendiant_activites (id_mendiant, id_activite) values (544, 98);
insert into mendiant_activites (id_mendiant, id_activite) values (759, 85);
insert into mendiant_activites (id_mendiant, id_activite) values (473, 8);
insert into mendiant_activites (id_mendiant, id_activite) values (634, 37);
insert into mendiant_activites (id_mendiant, id_activite) values (723, 85);
insert into mendiant_activites (id_mendiant, id_activite) values (326, 99);
insert into mendiant_activites (id_mendiant, id_activite) values (686, 31);
insert into mendiant_activites (id_mendiant, id_activite) values (144, 63);
insert into mendiant_activites (id_mendiant, id_activite) values (754, 92);
insert into mendiant_activites (id_mendiant, id_activite) values (225, 45);
insert into mendiant_activites (id_mendiant, id_activite) values (587, 62);
insert into mendiant_activites (id_mendiant, id_activite) values (52, 25);
insert into mendiant_activites (id_mendiant, id_activite) values (942, 43);
insert into mendiant_activites (id_mendiant, id_activite) values (831, 37);
insert into mendiant_activites (id_mendiant, id_activite) values (445, 43);
insert into mendiant_activites (id_mendiant, id_activite) values (223, 2);
insert into mendiant_activites (id_mendiant, id_activite) values (187, 57);
insert into mendiant_activites (id_mendiant, id_activite) values (626, 5);
insert into mendiant_activites (id_mendiant, id_activite) values (507, 99);
insert into mendiant_activites (id_mendiant, id_activite) values (605, 82);
insert into mendiant_activites (id_mendiant, id_activite) values (373, 81);
insert into mendiant_activites (id_mendiant, id_activite) values (673, 90);
insert into mendiant_activites (id_mendiant, id_activite) values (13, 88);
insert into mendiant_activites (id_mendiant, id_activite) values (736, 84);
insert into mendiant_activites (id_mendiant, id_activite) values (387, 46);
insert into mendiant_activites (id_mendiant, id_activite) values (969, 97);
insert into mendiant_activites (id_mendiant, id_activite) values (3, 10);
insert into mendiant_activites (id_mendiant, id_activite) values (887, 65);
insert into mendiant_activites (id_mendiant, id_activite) values (39, 41);
insert into mendiant_activites (id_mendiant, id_activite) values (235, 89);
insert into mendiant_activites (id_mendiant, id_activite) values (669, 35);
insert into mendiant_activites (id_mendiant, id_activite) values (203, 11);
insert into mendiant_activites (id_mendiant, id_activite) values (794, 27);
insert into mendiant_activites (id_mendiant, id_activite) values (342, 13);
insert into mendiant_activites (id_mendiant, id_activite) values (88, 16);
insert into mendiant_activites (id_mendiant, id_activite) values (542, 17);
insert into mendiant_activites (id_mendiant, id_activite) values (622, 31);
insert into mendiant_activites (id_mendiant, id_activite) values (146, 5);
insert into mendiant_activites (id_mendiant, id_activite) values (770, 13);
insert into mendiant_activites (id_mendiant, id_activite) values (111, 65);
insert into mendiant_activites (id_mendiant, id_activite) values (913, 96);
insert into mendiant_activites (id_mendiant, id_activite) values (81, 94);
insert into mendiant_activites (id_mendiant, id_activite) values (239, 51);
insert into mendiant_activites (id_mendiant, id_activite) values (239, 56);
insert into mendiant_activites (id_mendiant, id_activite) values (253, 55);
insert into mendiant_activites (id_mendiant, id_activite) values (595, 36);
insert into mendiant_activites (id_mendiant, id_activite) values (464, 46);
insert into mendiant_activites (id_mendiant, id_activite) values (644, 14);
insert into mendiant_activites (id_mendiant, id_activite) values (890, 43);
insert into mendiant_activites (id_mendiant, id_activite) values (818, 78);
insert into mendiant_activites (id_mendiant, id_activite) values (165, 9);
insert into mendiant_activites (id_mendiant, id_activite) values (305, 64);
insert into mendiant_activites (id_mendiant, id_activite) values (901, 65);
insert into mendiant_activites (id_mendiant, id_activite) values (685, 90);
insert into mendiant_activites (id_mendiant, id_activite) values (551, 52);
insert into mendiant_activites (id_mendiant, id_activite) values (490, 78);
insert into mendiant_activites (id_mendiant, id_activite) values (417, 75);
insert into mendiant_activites (id_mendiant, id_activite) values (743, 53);
insert into mendiant_activites (id_mendiant, id_activite) values (287, 48);
insert into mendiant_activites (id_mendiant, id_activite) values (505, 92);
insert into mendiant_activites (id_mendiant, id_activite) values (518, 7);
insert into mendiant_activites (id_mendiant, id_activite) values (424, 83);
insert into mendiant_activites (id_mendiant, id_activite) values (208, 41);
insert into mendiant_activites (id_mendiant, id_activite) values (980, 2);
insert into mendiant_activites (id_mendiant, id_activite) values (519, 72);
insert into mendiant_activites (id_mendiant, id_activite) values (2, 34);
insert into mendiant_activites (id_mendiant, id_activite) values (120, 22);
insert into mendiant_activites (id_mendiant, id_activite) values (82, 49);
insert into mendiant_activites (id_mendiant, id_activite) values (865, 99);
insert into mendiant_activites (id_mendiant, id_activite) values (554, 40);
insert into mendiant_activites (id_mendiant, id_activite) values (425, 67);
insert into mendiant_activites (id_mendiant, id_activite) values (904, 79);
insert into mendiant_activites (id_mendiant, id_activite) values (297, 31);
insert into mendiant_activites (id_mendiant, id_activite) values (758, 7);
insert into mendiant_activites (id_mendiant, id_activite) values (880, 63);
insert into mendiant_activites (id_mendiant, id_activite) values (782, 17);
insert into mendiant_activites (id_mendiant, id_activite) values (447, 3);
insert into mendiant_activites (id_mendiant, id_activite) values (429, 73);
insert into mendiant_activites (id_mendiant, id_activite) values (712, 22);
insert into mendiant_activites (id_mendiant, id_activite) values (802, 92);
insert into mendiant_activites (id_mendiant, id_activite) values (772, 23);
insert into mendiant_activites (id_mendiant, id_activite) values (168, 84);
insert into mendiant_activites (id_mendiant, id_activite) values (184, 34);
insert into mendiant_activites (id_mendiant, id_activite) values (970, 91);
insert into mendiant_activites (id_mendiant, id_activite) values (63, 68);
insert into mendiant_activites (id_mendiant, id_activite) values (815, 43);
insert into mendiant_activites (id_mendiant, id_activite) values (767, 43);
insert into mendiant_activites (id_mendiant, id_activite) values (788, 53);
insert into mendiant_activites (id_mendiant, id_activite) values (44, 19);
insert into mendiant_activites (id_mendiant, id_activite) values (463, 22);
insert into mendiant_activites (id_mendiant, id_activite) values (159, 17);
insert into mendiant_activites (id_mendiant, id_activite) values (834, 44);
insert into mendiant_activites (id_mendiant, id_activite) values (503, 81);
insert into mendiant_activites (id_mendiant, id_activite) values (898, 91);
insert into mendiant_activites (id_mendiant, id_activite) values (189, 9);
insert into mendiant_activites (id_mendiant, id_activite) values (735, 35);
insert into mendiant_activites (id_mendiant, id_activite) values (23, 55);
insert into mendiant_activites (id_mendiant, id_activite) values (793, 42);
insert into mendiant_activites (id_mendiant, id_activite) values (722, 14);
insert into mendiant_activites (id_mendiant, id_activite) values (48, 70);
insert into mendiant_activites (id_mendiant, id_activite) values (215, 2);
insert into mendiant_activites (id_mendiant, id_activite) values (222, 93);
insert into mendiant_activites (id_mendiant, id_activite) values (649, 5);
insert into mendiant_activites (id_mendiant, id_activite) values (617, 71);
insert into mendiant_activites (id_mendiant, id_activite) values (90, 60);
insert into mendiant_activites (id_mendiant, id_activite) values (354, 80);
insert into mendiant_activites (id_mendiant, id_activite) values (958, 97);
insert into mendiant_activites (id_mendiant, id_activite) values (610, 77);
insert into mendiant_activites (id_mendiant, id_activite) values (467, 22);
insert into mendiant_activites (id_mendiant, id_activite) values (196, 40);
insert into mendiant_activites (id_mendiant, id_activite) values (979, 70);
insert into mendiant_activites (id_mendiant, id_activite) values (525, 24);
insert into mendiant_activites (id_mendiant, id_activite) values (150, 77);
insert into mendiant_activites (id_mendiant, id_activite) values (366, 89);
insert into mendiant_activites (id_mendiant, id_activite) values (290, 88);
insert into mendiant_activites (id_mendiant, id_activite) values (69, 78);
insert into mendiant_activites (id_mendiant, id_activite) values (919, 94);
insert into mendiant_activites (id_mendiant, id_activite) values (550, 52);
insert into mendiant_activites (id_mendiant, id_activite) values (73, 57);
insert into mendiant_activites (id_mendiant, id_activite) values (295, 44);
insert into mendiant_activites (id_mendiant, id_activite) values (777, 66);
insert into mendiant_activites (id_mendiant, id_activite) values (513, 48);
insert into mendiant_activites (id_mendiant, id_activite) values (231, 55);
insert into mendiant_activites (id_mendiant, id_activite) values (26, 9);
insert into mendiant_activites (id_mendiant, id_activite) values (87, 18);
insert into mendiant_activites (id_mendiant, id_activite) values (989, 63);
insert into mendiant_activites (id_mendiant, id_activite) values (157, 46);
insert into mendiant_activites (id_mendiant, id_activite) values (856, 85);
insert into mendiant_activites (id_mendiant, id_activite) values (505, 65);
insert into mendiant_activites (id_mendiant, id_activite) values (784, 7);
insert into mendiant_activites (id_mendiant, id_activite) values (350, 67);
insert into mendiant_activites (id_mendiant, id_activite) values (321, 47);
insert into mendiant_activites (id_mendiant, id_activite) values (170, 91);
insert into mendiant_activites (id_mendiant, id_activite) values (647, 60);
insert into mendiant_activites (id_mendiant, id_activite) values (48, 25);
insert into mendiant_activites (id_mendiant, id_activite) values (141, 38);
insert into mendiant_activites (id_mendiant, id_activite) values (590, 71);
insert into mendiant_activites (id_mendiant, id_activite) values (21, 69);
insert into mendiant_activites (id_mendiant, id_activite) values (135, 49);
insert into mendiant_activites (id_mendiant, id_activite) values (940, 29);
insert into mendiant_activites (id_mendiant, id_activite) values (513, 21);
insert into mendiant_activites (id_mendiant, id_activite) values (716, 29);
insert into mendiant_activites (id_mendiant, id_activite) values (56, 67);
insert into mendiant_activites (id_mendiant, id_activite) values (117, 69);
insert into mendiant_activites (id_mendiant, id_activite) values (592, 29);
insert into mendiant_activites (id_mendiant, id_activite) values (429, 70);
insert into mendiant_activites (id_mendiant, id_activite) values (859, 60);
insert into mendiant_activites (id_mendiant, id_activite) values (711, 47);
insert into mendiant_activites (id_mendiant, id_activite) values (697, 58);
insert into mendiant_activites (id_mendiant, id_activite) values (246, 68);
insert into mendiant_activites (id_mendiant, id_activite) values (767, 8);
insert into mendiant_activites (id_mendiant, id_activite) values (534, 10);
insert into mendiant_activites (id_mendiant, id_activite) values (634, 92);
insert into mendiant_activites (id_mendiant, id_activite) values (952, 82);
insert into mendiant_activites (id_mendiant, id_activite) values (411, 33);
insert into mendiant_activites (id_mendiant, id_activite) values (97, 26);
insert into mendiant_activites (id_mendiant, id_activite) values (402, 69);
insert into mendiant_activites (id_mendiant, id_activite) values (404, 44);
insert into mendiant_activites (id_mendiant, id_activite) values (368, 48);
insert into mendiant_activites (id_mendiant, id_activite) values (647, 49);
insert into mendiant_activites (id_mendiant, id_activite) values (523, 100);
insert into mendiant_activites (id_mendiant, id_activite) values (427, 51);
insert into mendiant_activites (id_mendiant, id_activite) values (637, 72);
insert into mendiant_activites (id_mendiant, id_activite) values (882, 34);
insert into mendiant_activites (id_mendiant, id_activite) values (468, 44);
insert into mendiant_activites (id_mendiant, id_activite) values (364, 29);
insert into mendiant_activites (id_mendiant, id_activite) values (642, 50);
insert into mendiant_activites (id_mendiant, id_activite) values (753, 70);
insert into mendiant_activites (id_mendiant, id_activite) values (848, 8);
insert into mendiant_activites (id_mendiant, id_activite) values (351, 48);
insert into mendiant_activites (id_mendiant, id_activite) values (683, 53);
insert into mendiant_activites (id_mendiant, id_activite) values (368, 18);
insert into mendiant_activites (id_mendiant, id_activite) values (969, 76);
insert into mendiant_activites (id_mendiant, id_activite) values (97, 82);
insert into mendiant_activites (id_mendiant, id_activite) values (684, 92);
insert into mendiant_activites (id_mendiant, id_activite) values (717, 38);
insert into mendiant_activites (id_mendiant, id_activite) values (74, 43);
insert into mendiant_activites (id_mendiant, id_activite) values (68, 87);
insert into mendiant_activites (id_mendiant, id_activite) values (243, 61);
insert into mendiant_activites (id_mendiant, id_activite) values (636, 16);
insert into mendiant_activites (id_mendiant, id_activite) values (680, 14);
insert into mendiant_activites (id_mendiant, id_activite) values (517, 45);
insert into mendiant_activites (id_mendiant, id_activite) values (963, 70);
insert into mendiant_activites (id_mendiant, id_activite) values (49, 65);
insert into mendiant_activites (id_mendiant, id_activite) values (444, 99);
insert into mendiant_activites (id_mendiant, id_activite) values (991, 8);
insert into mendiant_activites (id_mendiant, id_activite) values (153, 71);
insert into mendiant_activites (id_mendiant, id_activite) values (330, 41);
insert into mendiant_activites (id_mendiant, id_activite) values (890, 31);
insert into mendiant_activites (id_mendiant, id_activite) values (580, 89);
insert into mendiant_activites (id_mendiant, id_activite) values (540, 36);
insert into mendiant_activites (id_mendiant, id_activite) values (987, 33);
insert into mendiant_activites (id_mendiant, id_activite) values (963, 46);
insert into mendiant_activites (id_mendiant, id_activite) values (717, 66);
insert into mendiant_activites (id_mendiant, id_activite) values (274, 67);
insert into mendiant_activites (id_mendiant, id_activite) values (493, 86);
insert into mendiant_activites (id_mendiant, id_activite) values (627, 64);
insert into mendiant_activites (id_mendiant, id_activite) values (758, 21);
insert into mendiant_activites (id_mendiant, id_activite) values (498, 41);
insert into mendiant_activites (id_mendiant, id_activite) values (801, 52);
insert into mendiant_activites (id_mendiant, id_activite) values (546, 30);
insert into mendiant_activites (id_mendiant, id_activite) values (100, 99);
insert into mendiant_activites (id_mendiant, id_activite) values (66, 33);
insert into mendiant_activites (id_mendiant, id_activite) values (659, 18);
insert into mendiant_activites (id_mendiant, id_activite) values (948, 71);
insert into mendiant_activites (id_mendiant, id_activite) values (765, 73);
insert into mendiant_activites (id_mendiant, id_activite) values (341, 16);
insert into mendiant_activites (id_mendiant, id_activite) values (513, 3);
insert into mendiant_activites (id_mendiant, id_activite) values (8, 65);
insert into mendiant_activites (id_mendiant, id_activite) values (972, 26);
insert into mendiant_activites (id_mendiant, id_activite) values (315, 21);
insert into mendiant_activites (id_mendiant, id_activite) values (629, 57);
insert into mendiant_activites (id_mendiant, id_activite) values (76, 68);
insert into mendiant_activites (id_mendiant, id_activite) values (121, 64);
insert into mendiant_activites (id_mendiant, id_activite) values (66, 55);
insert into mendiant_activites (id_mendiant, id_activite) values (358, 83);
insert into mendiant_activites (id_mendiant, id_activite) values (698, 29);
insert into mendiant_activites (id_mendiant, id_activite) values (544, 89);
insert into mendiant_activites (id_mendiant, id_activite) values (661, 21);
insert into mendiant_activites (id_mendiant, id_activite) values (385, 7);
insert into mendiant_activites (id_mendiant, id_activite) values (34, 87);
insert into mendiant_activites (id_mendiant, id_activite) values (923, 57);
insert into mendiant_activites (id_mendiant, id_activite) values (786, 68);
insert into mendiant_activites (id_mendiant, id_activite) values (326, 74);
insert into mendiant_activites (id_mendiant, id_activite) values (373, 28);
insert into mendiant_activites (id_mendiant, id_activite) values (900, 55);
insert into mendiant_activites (id_mendiant, id_activite) values (800, 53);
insert into mendiant_activites (id_mendiant, id_activite) values (115, 67);
insert into mendiant_activites (id_mendiant, id_activite) values (699, 39);
insert into mendiant_activites (id_mendiant, id_activite) values (574, 19);
insert into mendiant_activites (id_mendiant, id_activite) values (955, 67);
insert into mendiant_activites (id_mendiant, id_activite) values (390, 97);
insert into mendiant_activites (id_mendiant, id_activite) values (753, 93);
insert into mendiant_activites (id_mendiant, id_activite) values (341, 86);
insert into mendiant_activites (id_mendiant, id_activite) values (57, 65);
insert into mendiant_activites (id_mendiant, id_activite) values (731, 76);
insert into mendiant_activites (id_mendiant, id_activite) values (199, 88);
insert into mendiant_activites (id_mendiant, id_activite) values (259, 1);
insert into mendiant_activites (id_mendiant, id_activite) values (5, 28);
insert into mendiant_activites (id_mendiant, id_activite) values (226, 19);
insert into mendiant_activites (id_mendiant, id_activite) values (717, 29);
insert into mendiant_activites (id_mendiant, id_activite) values (702, 31);
insert into mendiant_activites (id_mendiant, id_activite) values (166, 17);
insert into mendiant_activites (id_mendiant, id_activite) values (144, 11);
insert into mendiant_activites (id_mendiant, id_activite) values (790, 12);
insert into mendiant_activites (id_mendiant, id_activite) values (636, 46);
insert into mendiant_activites (id_mendiant, id_activite) values (784, 67);
insert into mendiant_activites (id_mendiant, id_activite) values (665, 32);
insert into mendiant_activites (id_mendiant, id_activite) values (618, 95);
insert into mendiant_activites (id_mendiant, id_activite) values (69, 17);
insert into mendiant_activites (id_mendiant, id_activite) values (226, 35);
insert into mendiant_activites (id_mendiant, id_activite) values (867, 18);
insert into mendiant_activites (id_mendiant, id_activite) values (496, 99);
insert into mendiant_activites (id_mendiant, id_activite) values (643, 11);
insert into mendiant_activites (id_mendiant, id_activite) values (931, 11);
insert into mendiant_activites (id_mendiant, id_activite) values (311, 12);
insert into mendiant_activites (id_mendiant, id_activite) values (659, 100);
insert into mendiant_activites (id_mendiant, id_activite) values (603, 12);
insert into mendiant_activites (id_mendiant, id_activite) values (167, 57);
insert into mendiant_activites (id_mendiant, id_activite) values (354, 99);
insert into mendiant_activites (id_mendiant, id_activite) values (885, 19);
insert into mendiant_activites (id_mendiant, id_activite) values (260, 13);
insert into mendiant_activites (id_mendiant, id_activite) values (362, 100);
insert into mendiant_activites (id_mendiant, id_activite) values (558, 33);
insert into mendiant_activites (id_mendiant, id_activite) values (408, 98);
insert into mendiant_activites (id_mendiant, id_activite) values (993, 54);
insert into mendiant_activites (id_mendiant, id_activite) values (699, 8);
insert into mendiant_activites (id_mendiant, id_activite) values (469, 82);
insert into mendiant_activites (id_mendiant, id_activite) values (701, 32);
insert into mendiant_activites (id_mendiant, id_activite) values (197, 26);
insert into mendiant_activites (id_mendiant, id_activite) values (622, 91);
insert into mendiant_activites (id_mendiant, id_activite) values (321, 51);
insert into mendiant_activites (id_mendiant, id_activite) values (398, 94);
insert into mendiant_activites (id_mendiant, id_activite) values (356, 35);
insert into mendiant_activites (id_mendiant, id_activite) values (665, 47);
insert into mendiant_activites (id_mendiant, id_activite) values (518, 96);
insert into mendiant_activites (id_mendiant, id_activite) values (494, 97);
insert into mendiant_activites (id_mendiant, id_activite) values (825, 91);
insert into mendiant_activites (id_mendiant, id_activite) values (535, 68);
insert into mendiant_activites (id_mendiant, id_activite) values (82, 3);
insert into mendiant_activites (id_mendiant, id_activite) values (213, 7);
insert into mendiant_activites (id_mendiant, id_activite) values (809, 60);
insert into mendiant_activites (id_mendiant, id_activite) values (275, 35);
insert into mendiant_activites (id_mendiant, id_activite) values (393, 9);
insert into mendiant_activites (id_mendiant, id_activite) values (310, 97);
insert into mendiant_activites (id_mendiant, id_activite) values (565, 26);
insert into mendiant_activites (id_mendiant, id_activite) values (928, 17);
insert into mendiant_activites (id_mendiant, id_activite) values (520, 83);
insert into mendiant_activites (id_mendiant, id_activite) values (329, 38);
insert into mendiant_activites (id_mendiant, id_activite) values (776, 12);
insert into mendiant_activites (id_mendiant, id_activite) values (614, 1);
insert into mendiant_activites (id_mendiant, id_activite) values (369, 82);
insert into mendiant_activites (id_mendiant, id_activite) values (197, 23);
insert into mendiant_activites (id_mendiant, id_activite) values (39, 15);
insert into mendiant_activites (id_mendiant, id_activite) values (87, 57);
insert into mendiant_activites (id_mendiant, id_activite) values (857, 77);
insert into mendiant_activites (id_mendiant, id_activite) values (580, 39);
insert into mendiant_activites (id_mendiant, id_activite) values (141, 98);
insert into mendiant_activites (id_mendiant, id_activite) values (626, 17);
insert into mendiant_activites (id_mendiant, id_activite) values (43, 68);
insert into mendiant_activites (id_mendiant, id_activite) values (227, 14);
insert into mendiant_activites (id_mendiant, id_activite) values (445, 68);
insert into mendiant_activites (id_mendiant, id_activite) values (592, 68);
insert into mendiant_activites (id_mendiant, id_activite) values (871, 27);
insert into mendiant_activites (id_mendiant, id_activite) values (958, 100);
insert into mendiant_activites (id_mendiant, id_activite) values (166, 8);
insert into mendiant_activites (id_mendiant, id_activite) values (91, 82);
insert into mendiant_activites (id_mendiant, id_activite) values (331, 9);
insert into mendiant_activites (id_mendiant, id_activite) values (180, 35);
insert into mendiant_activites (id_mendiant, id_activite) values (910, 9);
insert into mendiant_activites (id_mendiant, id_activite) values (672, 57);
insert into mendiant_activites (id_mendiant, id_activite) values (644, 63);
insert into mendiant_activites (id_mendiant, id_activite) values (766, 40);
insert into mendiant_activites (id_mendiant, id_activite) values (167, 78);
insert into mendiant_activites (id_mendiant, id_activite) values (491, 34);
insert into mendiant_activites (id_mendiant, id_activite) values (420, 26);
insert into mendiant_activites (id_mendiant, id_activite) values (458, 98);
insert into mendiant_activites (id_mendiant, id_activite) values (795, 19);
insert into mendiant_activites (id_mendiant, id_activite) values (394, 23);
insert into mendiant_activites (id_mendiant, id_activite) values (995, 99);
insert into mendiant_activites (id_mendiant, id_activite) values (285, 26);
insert into mendiant_activites (id_mendiant, id_activite) values (997, 73);
insert into mendiant_activites (id_mendiant, id_activite) values (432, 60);
insert into mendiant_activites (id_mendiant, id_activite) values (266, 4);
insert into mendiant_activites (id_mendiant, id_activite) values (248, 59);
insert into mendiant_activites (id_mendiant, id_activite) values (954, 61);
insert into mendiant_activites (id_mendiant, id_activite) values (821, 44);
insert into mendiant_activites (id_mendiant, id_activite) values (792, 24);
insert into mendiant_activites (id_mendiant, id_activite) values (872, 30);
insert into mendiant_activites (id_mendiant, id_activite) values (220, 78);
insert into mendiant_activites (id_mendiant, id_activite) values (653, 85);
insert into mendiant_activites (id_mendiant, id_activite) values (371, 40);
insert into mendiant_activites (id_mendiant, id_activite) values (599, 43);
insert into mendiant_activites (id_mendiant, id_activite) values (723, 8);
insert into mendiant_activites (id_mendiant, id_activite) values (977, 40);
insert into mendiant_activites (id_mendiant, id_activite) values (215, 94);
insert into mendiant_activites (id_mendiant, id_activite) values (887, 29);
insert into mendiant_activites (id_mendiant, id_activite) values (43, 90);
insert into mendiant_activites (id_mendiant, id_activite) values (304, 35);
insert into mendiant_activites (id_mendiant, id_activite) values (518, 65);
insert into mendiant_activites (id_mendiant, id_activite) values (30, 20);
insert into mendiant_activites (id_mendiant, id_activite) values (705, 20);
insert into mendiant_activites (id_mendiant, id_activite) values (734, 24);
insert into mendiant_activites (id_mendiant, id_activite) values (603, 92);
insert into mendiant_activites (id_mendiant, id_activite) values (279, 65);
insert into mendiant_activites (id_mendiant, id_activite) values (563, 98);
insert into mendiant_activites (id_mendiant, id_activite) values (865, 62);
insert into mendiant_activites (id_mendiant, id_activite) values (838, 7);
insert into mendiant_activites (id_mendiant, id_activite) values (625, 34);
insert into mendiant_activites (id_mendiant, id_activite) values (290, 82);
insert into mendiant_activites (id_mendiant, id_activite) values (1000, 39);
insert into mendiant_activites (id_mendiant, id_activite) values (503, 33);
insert into mendiant_activites (id_mendiant, id_activite) values (997, 83);
insert into mendiant_activites (id_mendiant, id_activite) values (129, 69);
insert into mendiant_activites (id_mendiant, id_activite) values (465, 75);
insert into mendiant_activites (id_mendiant, id_activite) values (719, 49);
insert into mendiant_activites (id_mendiant, id_activite) values (312, 98);
insert into mendiant_activites (id_mendiant, id_activite) values (352, 1);
insert into mendiant_activites (id_mendiant, id_activite) values (747, 43);
insert into mendiant_activites (id_mendiant, id_activite) values (165, 51);
insert into mendiant_activites (id_mendiant, id_activite) values (186, 74);
insert into mendiant_activites (id_mendiant, id_activite) values (951, 14);
insert into mendiant_activites (id_mendiant, id_activite) values (142, 82);
insert into mendiant_activites (id_mendiant, id_activite) values (249, 2);
insert into mendiant_activites (id_mendiant, id_activite) values (471, 74);
insert into mendiant_activites (id_mendiant, id_activite) values (582, 89);
insert into mendiant_activites (id_mendiant, id_activite) values (806, 68);
insert into mendiant_activites (id_mendiant, id_activite) values (446, 48);
insert into mendiant_activites (id_mendiant, id_activite) values (549, 82);
insert into mendiant_activites (id_mendiant, id_activite) values (18, 16);
insert into mendiant_activites (id_mendiant, id_activite) values (322, 98);
insert into mendiant_activites (id_mendiant, id_activite) values (94, 79);
insert into mendiant_activites (id_mendiant, id_activite) values (905, 38);
insert into mendiant_activites (id_mendiant, id_activite) values (582, 56);
insert into mendiant_activites (id_mendiant, id_activite) values (300, 86);
insert into mendiant_activites (id_mendiant, id_activite) values (651, 78);
insert into mendiant_activites (id_mendiant, id_activite) values (73, 80);
insert into mendiant_activites (id_mendiant, id_activite) values (827, 6);
insert into mendiant_activites (id_mendiant, id_activite) values (838, 47);
insert into mendiant_activites (id_mendiant, id_activite) values (697, 33);
insert into mendiant_activites (id_mendiant, id_activite) values (975, 79);
insert into mendiant_activites (id_mendiant, id_activite) values (347, 31);
insert into mendiant_activites (id_mendiant, id_activite) values (202, 74);
insert into mendiant_activites (id_mendiant, id_activite) values (561, 97);
insert into mendiant_activites (id_mendiant, id_activite) values (915, 91);
insert into mendiant_activites (id_mendiant, id_activite) values (55, 25);
insert into mendiant_activites (id_mendiant, id_activite) values (696, 58);
insert into mendiant_activites (id_mendiant, id_activite) values (757, 33);
insert into mendiant_activites (id_mendiant, id_activite) values (240, 6);
insert into mendiant_activites (id_mendiant, id_activite) values (676, 48);
insert into mendiant_activites (id_mendiant, id_activite) values (490, 48);
insert into mendiant_activites (id_mendiant, id_activite) values (264, 88);
insert into mendiant_activites (id_mendiant, id_activite) values (627, 25);
insert into mendiant_activites (id_mendiant, id_activite) values (690, 41);
insert into mendiant_activites (id_mendiant, id_activite) values (510, 17);
insert into mendiant_activites (id_mendiant, id_activite) values (336, 77);
insert into mendiant_activites (id_mendiant, id_activite) values (387, 41);
insert into mendiant_activites (id_mendiant, id_activite) values (49, 60);
insert into mendiant_activites (id_mendiant, id_activite) values (726, 95);
insert into mendiant_activites (id_mendiant, id_activite) values (212, 30);


##### the end 
#### written by Abderahman Abdelvettah 26-04-2022



